report_id,report_date,shape,carat_weight,color_grade,clarity_grade,measurements_length,measurements_width,measurements_depth,table_percent,depth_percent,crown_angle,pavilion_angle,girdle_thickness,culet_size,polish_grade,proportions_grade,symmetry_grade,cut_grade,fluorescence_grade,stone_origin,expert_id,evaluation_time_min,report_notes_length,report_sentiment,price,is_investment_grade,is_report_rejected,is_sold,days_on_market,sale_date
DR-00001,2023-01-01 17:25:55,Radiant,0.97,5,5,0.0,0.0,0.0,61.6,64.0,35.6,40.9,Medium,None,2,1,3,3,2,1,4,110,57,1,6931.0,0,0,1,63,2023-03-05 15:16:55
DR-00002,2023-01-02 18:52:46,Asscher,0.44,5,4,0.0,0.0,0.0,61.4,60.3,32.3,40.7,Medium,None,2,4,2,4,1,1,5,104,99,1,1739.0,0,0,1,51,2023-02-22 18:10:46
DR-00003,2023-01-04 18:42:29,Cushion,0.44,8,5,0.0,0.0,0.0,56.4,61.4,34.6,41.8,Medium,None,1,2,2,2,3,1,2,91,60,1,1380.0,0,0,0,1091,
DR-00004,2023-01-05 09:50:39,Emerald,0.53,3,3,0.0,0.0,0.0,62.5,59.9,36.0,40.4,Medium,None,1,3,4,4,1,1,3,114,16,-1,3796.0,0,0,1,38,2023-02-12 11:13:39
DR-00005,2023-01-06 09:34:39,Marquise,0.39,2,4,0.0,0.0,0.0,60.1,60.6,35.1,40.2,Medium,None,2,3,2,3,1,1,4,64,70,1,2635.0,0,0,1,61,2023-03-08 04:36:39
DR-00006,2023-01-06 14:37:43,Marquise,0.58,1,2,0.0,0.0,0.0,59.8,62.8,34.0,41.7,Medium,None,3,2,1,3,4,1,2,63,47,1,7825.0,0,0,1,41,2023-02-16 12:25:43
DR-00007,2023-01-07 18:50:46,Round,0.89,8,3,0.0,0.0,0.0,57.0,62.5,32.9,41.1,Medium,None,1,1,3,3,3,1,5,37,18,0,6022.0,0,0,1,53,2023-03-01 16:26:46
DR-00008,2023-01-08 10:32:51,Asscher,0.68,3,3,0.0,0.0,0.0,54.1,63.2,35.7,41.9,Medium,None,3,1,1,3,2,1,4,57,41,0,7220.0,0,0,1,31,2023-02-08 11:14:51
DR-00009,2023-01-08 11:13:02,Princess,1.27,5,7,0.0,0.0,0.0,55.2,59.6,33.9,41.8,Medium,None,1,1,1,1,2,3,3,74,18,0,8696.0,0,0,0,1088,
DR-00010,2023-01-09 09:37:52,Pear,1.43,5,7,0.0,0.0,0.0,64.8,63.3,35.4,41.7,Medium,None,4,2,3,4,1,3,4,65,16,0,5777.0,0,0,1,105,2023-04-24 06:03:52
DR-00011,2023-01-09 17:35:00,Radiant,0.62,7,5,0.0,0.0,0.0,62.2,59.1,33.3,40.3,Medium,None,3,2,3,3,2,1,5,63,39,0,2470.0,0,0,1,65,2023-03-15 21:14:00
DR-00012,2023-01-11 12:05:52,Asscher,1.23,2,7,0.0,0.0,0.0,64.8,59.0,33.6,41.2,Medium,None,2,2,2,2,2,1,1,77,15,0,10204.0,0,0,0,1085,
DR-00013,2023-01-12 09:26:54,Cushion,0.7,4,2,0.0,0.0,0.0,60.8,60.1,32.8,41.9,Medium,None,1,3,3,3,3,3,5,16,16,0,7956.0,0,0,1,23,2023-02-04 13:37:54
DR-00014,2023-01-13 18:05:23,Oval,0.73,5,5,0.0,0.0,0.0,60.0,62.9,33.1,41.1,Medium,None,2,2,2,2,3,3,1,92,89,1,4921.0,0,0,1,42,2023-02-24 21:10:23
DR-00015,2023-01-14 13:25:57,Princess,0.81,5,2,0.0,0.0,0.0,56.0,61.7,33.4,40.8,Medium,None,2,3,2,3,1,3,3,30,84,0,8400.0,0,0,1,40,2023-02-23 11:07:57
DR-00016,2023-01-14 16:18:52,Pear,0.98,4,1,0.0,0.0,0.0,54.2,63.2,32.4,40.5,Medium,None,3,3,1,3,1,1,3,39,29,0,15988.0,0,0,1,8,2023-01-22 14:07:52
DR-00017,2023-01-16 09:33:37,Round,0.63,7,9,0.0,0.0,0.0,57.5,60.5,34.0,41.3,Medium,None,2,1,3,3,2,3,1,89,48,0,628.0,0,0,0,1080,
DR-00018,2023-01-16 11:26:29,Oval,0.72,2,4,0.0,0.0,0.0,54.7,60.4,34.7,40.9,Medium,None,3,1,2,3,2,1,2,85,58,0,7615.0,0,0,0,1080,
DR-00019,2023-01-16 14:27:27,Princess,1.23,4,5,0.0,0.0,0.0,64.0,60.2,34.2,41.9,Medium,None,2,1,4,4,2,1,5,27,78,0,9891.0,0,0,1,59,2023-03-16 19:02:27
DR-00020,2023-01-17 10:51:38,Pear,1.74,4,3,0.0,0.0,0.0,55.8,61.0,34.4,41.2,Medium,None,1,3,2,3,2,1,3,35,67,1,31626.0,0,0,1,81,2023-04-08 09:30:38
DR-00021,2023-01-18 11:17:50,Radiant,1.25,3,6,0.0,0.0,0.0,61.3,61.7,33.0,40.2,Medium,None,2,3,2,3,2,1,1,90,33,0,9723.0,0,0,1,106,2023-05-04 10:57:50
DR-00022,2023-01-19 17:24:36,Radiant,1.05,10,9,0.0,0.0,0.0,62.2,63.6,35.6,41.8,Medium,None,3,1,3,3,1,1,2,94,66,1,881.0,0,0,0,1077,
DR-00023,2023-01-19 17:40:32,Heart,1.58,5,6,0.0,0.0,0.0,58.0,61.9,35.6,41.2,Medium,None,1,2,3,3,2,1,4,16,35,0,10680.0,0,0,0,1077,
DR-00024,2023-01-21 18:15:21,Asscher,0.44,6,3,0.0,0.0,0.0,58.3,60.0,35.9,40.9,Medium,None,2,2,1,2,3,1,4,118,81,1,2631.0,0,0,1,63,2023-03-25 15:13:21
DR-00025,2023-01-22 19:26:52,Princess,1.11,4,6,0.0,0.0,0.0,56.1,64.0,34.1,40.1,Medium,None,1,3,1,3,3,3,1,110,16,-1,6642.0,0,0,0,1073,
DR-00026,2023-01-24 13:03:36,Emerald,0.43,3,6,0.0,0.0,0.0,57.2,59.2,34.2,40.6,Medium,None,2,1,3,3,1,1,5,90,21,0,1587.0,0,0,1,78,2023-04-12 15:42:36
DR-00027,2023-01-24 14:04:12,Radiant,0.67,2,3,0.0,0.0,0.0,58.9,62.6,33.1,40.0,Medium,None,3,2,2,3,4,1,4,99,88,1,7675.0,0,0,0,1072,
DR-00028,2023-01-25 10:17:02,Cushion,0.59,5,7,0.0,0.0,0.0,55.9,59.7,33.6,41.5,Medium,None,3,3,3,3,1,0,3,44,30,1,1599.0,0,0,1,56,2023-03-22 15:37:02
DR-00029,2023-01-25 13:04:04,Pear,0.52,5,5,0.0,0.0,0.0,60.8,60.2,33.9,40.2,Medium,None,3,1,4,4,3,1,2,64,86,1,1904.0,0,0,1,20,2023-02-14 17:26:04
DR-00030,2023-01-26 17:01:27,Marquise,1.32,5,3,0.0,0.0,0.0,63.5,63.0,34.4,41.2,Medium,None,1,2,2,2,1,3,3,68,6,0,20238.0,0,0,0,1070,
DR-00031,2023-01-27 10:57:04,Marquise,0.44,3,10,0.0,0.0,0.0,60.8,63.4,35.2,40.6,Medium,None,3,2,2,3,3,1,1,73,38,0,500.0,0,0,0,1069,
DR-00032,2023-01-27 15:36:26,Radiant,0.88,1,10,0.0,0.0,0.0,58.5,60.6,35.4,41.5,Medium,None,2,2,2,2,3,1,5,49,58,0,1577.0,0,0,1,82,2023-04-19 17:18:26
DR-00033,2023-01-28 11:03:35,Heart,0.58,3,2,0.0,0.0,0.0,54.9,60.4,33.7,41.1,Medium,None,3,2,1,3,3,1,3,96,80,0,6048.0,0,0,1,76,2023-04-14 12:11:35
DR-00034,2023-01-28 17:20:14,Pear,0.52,6,6,0.0,0.0,0.0,60.9,60.2,33.4,41.8,Medium,None,4,1,1,4,2,1,4,59,26,1,1047.0,0,0,1,74,2023-04-12 18:36:14
DR-00035,2023-01-29 17:16:08,Oval,1.37,3,2,0.0,0.0,0.0,57.5,61.5,32.8,41.5,Medium,None,2,2,2,2,1,1,5,53,74,1,33071.0,1,0,1,22,2023-02-20 15:20:08
DR-00036,2023-01-30 09:44:29,Oval,0.58,5,5,0.0,0.0,0.0,64.6,59.8,34.4,40.8,Medium,None,2,1,1,2,1,3,5,102,39,1,3516.0,0,0,1,24,2023-02-23 07:58:29
DR-00037,2023-02-01 17:45:19,Heart,0.76,6,1,0.0,0.0,0.0,59.0,60.6,33.6,41.1,Medium,None,2,2,2,2,1,1,1,101,45,1,9454.0,0,0,1,48,2023-03-21 16:33:19
DR-00038,2023-02-02 18:37:37,Asscher,0.67,6,4,0.0,0.0,0.0,62.9,60.6,34.6,41.6,Medium,None,2,1,4,4,3,0,2,58,46,0,2955.0,0,0,1,79,2023-04-22 23:49:37
DR-00039,2023-02-03 10:58:14,Emerald,1.52,4,3,0.0,0.0,0.0,59.6,60.0,34.1,41.0,Medium,None,1,1,2,2,1,1,3,51,91,1,28934.0,1,0,1,54,2023-03-29 11:27:14
DR-00040,2023-02-06 17:59:49,Oval,1.43,4,5,0.0,0.0,0.0,54.2,59.7,36.0,40.0,Medium,None,2,2,4,4,1,1,1,26,48,0,11888.0,0,0,1,56,2023-04-03 18:41:49
DR-00041,2023-02-07 12:57:05,Radiant,0.52,2,5,0.0,0.0,0.0,62.5,60.0,34.9,41.4,Medium,None,2,1,1,2,4,1,5,48,47,1,4310.0,0,1,1,28,2023-03-07 08:49:05
DR-00042,2023-02-09 10:33:00,Marquise,0.72,5,6,0.0,0.0,0.0,56.5,61.8,35.0,40.3,Medium,None,3,2,1,3,2,1,2,46,7,1,2804.0,0,0,1,75,2023-04-25 07:42:00
DR-00043,2023-02-10 10:21:44,Marquise,0.65,3,7,0.0,0.0,0.0,62.9,59.2,35.6,41.3,Medium,None,2,3,2,3,3,2,3,71,19,0,2549.0,0,0,1,84,2023-05-05 06:03:44
DR-00044,2023-02-11 17:35:15,Oval,0.51,4,8,0.0,0.0,0.0,60.1,59.1,35.4,41.3,Medium,None,2,1,2,2,1,3,1,74,35,-1,1327.0,0,0,1,54,2023-04-06 14:11:15
DR-00045,2023-02-13 17:50:53,Heart,1.11,9,5,0.0,0.0,0.0,62.6,63.6,34.6,41.9,Medium,None,1,3,3,3,2,1,1,99,21,0,5091.0,0,0,1,108,2023-06-01 18:50:53
DR-00046,2023-02-14 09:55:23,Heart,0.44,7,3,0.0,0.0,0.0,61.6,62.2,35.7,40.5,Medium,None,3,2,1,3,2,3,2,40,6,0,2015.0,0,0,0,1051,
DR-00047,2023-02-14 10:55:23,Cushion,0.81,5,1,0.0,0.0,0.0,59.6,60.7,32.4,40.6,Medium,None,1,4,1,4,1,1,5,18,63,0,7712.0,0,1,1,40,2023-03-26 15:31:23
DR-00048,2023-02-15 17:18:53,Emerald,0.32,3,3,0.0,0.0,0.0,57.5,59.3,32.8,41.7,Medium,None,2,1,4,4,2,1,5,38,77,0,1545.0,0,1,0,1050,
DR-00049,2023-02-17 17:48:29,Cushion,1.14,7,3,0.0,0.0,0.0,58.5,59.8,35.0,41.4,Medium,None,2,2,2,2,4,1,2,21,6,1,12418.0,0,0,1,47,2023-04-05 20:04:29
DR-00050,2023-02-19 15:41:24,Emerald,1.13,3,4,0.0,0.0,0.0,64.1,59.4,33.7,40.7,Medium,None,3,2,2,3,2,3,3,78,12,0,13881.0,0,0,0,1046,
DR-00051,2023-02-20 10:35:53,Round,0.54,3,3,0.0,0.0,0.0,59.5,62.7,34.8,41.5,Medium,None,1,2,3,3,3,1,4,51,42,0,4926.0,0,0,0,1045,
DR-00052,2023-02-21 09:53:17,Princess,0.61,6,1,0.0,0.0,0.0,62.7,63.6,32.2,41.3,Medium,None,2,1,2,2,4,3,5,73,91,-1,6038.0,0,0,0,1044,
DR-00053,2023-02-22 18:11:11,Round,0.62,1,4,0.0,0.0,0.0,58.1,60.7,34.3,41.0,Medium,None,2,2,2,2,2,1,3,32,5,0,7933.0,0,0,1,1,2023-02-23 19:14:11
DR-00054,2023-02-23 09:30:44,Pear,0.38,5,4,0.0,0.0,0.0,63.6,64.0,34.8,40.5,Medium,None,1,2,1,2,1,1,5,94,82,0,2019.0,0,0,0,1042,
DR-00055,2023-02-23 17:18:23,Cushion,0.5,5,4,0.0,0.0,0.0,64.4,63.4,33.8,40.2,Medium,None,2,1,4,4,1,1,5,31,57,0,2110.0,0,0,0,1042,
DR-00056,2023-02-23 18:16:14,Marquise,1.53,2,3,0.0,0.0,0.0,59.1,60.9,35.3,41.6,Medium,None,4,2,3,4,3,3,3,25,59,0,25021.0,0,0,1,76,2023-05-10 21:05:14
DR-00057,2023-02-23 19:28:49,Radiant,0.35,1,7,0.0,0.0,0.0,58.0,63.2,33.9,41.1,Medium,None,4,2,2,4,2,3,2,102,57,0,861.0,0,0,1,67,2023-05-01 23:24:49
DR-00058,2023-02-24 18:10:02,Pear,0.63,7,4,0.0,0.0,0.0,58.2,60.0,34.3,41.0,Medium,None,1,2,3,3,2,1,1,59,43,1,2832.0,0,0,1,65,2023-04-30 14:10:02
DR-00059,2023-02-25 09:37:57,Round,0.45,1,4,0.0,0.0,0.0,54.6,63.4,34.5,41.5,Medium,None,2,2,2,2,1,3,3,61,78,0,4437.0,0,0,0,1040,
DR-00060,2023-02-25 10:00:10,Cushion,0.82,7,3,0.0,0.0,0.0,60.2,59.4,32.4,40.7,Medium,None,1,4,2,4,3,3,1,39,41,0,4690.0,0,0,1,120,2023-06-25 12:36:10
DR-00061,2023-02-25 10:41:29,Emerald,1.6,6,7,0.0,0.0,0.0,62.1,61.4,32.0,40.7,Medium,None,2,2,2,2,1,1,5,67,63,0,8784.0,0,0,0,1040,
DR-00062,2023-02-26 09:55:12,Oval,0.47,4,7,0.0,0.0,0.0,62.4,61.6,35.4,40.2,Medium,None,1,2,2,2,1,1,4,86,81,1,1525.0,0,0,1,1,2023-02-27 06:37:12
DR-00063,2023-02-27 11:45:33,Emerald,0.39,4,5,0.0,0.0,0.0,59.2,63.4,35.6,41.4,Medium,None,4,2,1,4,1,2,3,109,81,0,1390.0,0,0,0,1038,
DR-00064,2023-02-28 10:36:28,Round,0.39,1,4,0.0,0.0,0.0,59.5,60.3,34.8,41.8,Medium,None,2,1,3,3,2,1,5,103,25,1,2850.0,0,0,0,1037,
DR-00065,2023-03-01 09:03:56,Cushion,0.46,8,3,0.0,0.0,0.0,57.0,61.1,34.0,40.7,Medium,None,1,4,2,4,1,1,5,99,20,-1,1499.0,0,0,1,62,2023-05-02 08:05:56
DR-00066,2023-03-01 10:12:17,Round,0.51,7,4,0.0,0.0,0.0,60.2,62.0,34.1,41.7,Medium,None,3,1,1,3,1,1,4,70,93,0,2159.0,0,0,1,33,2023-04-03 05:44:17
DR-00067,2023-03-01 10:49:46,Princess,0.59,5,7,0.0,0.0,0.0,54.2,60.0,34.5,41.2,Medium,None,2,2,4,4,2,1,5,84,5,-1,1233.0,0,0,0,1036,
DR-00068,2023-03-02 10:18:48,Princess,0.4,5,3,0.0,0.0,0.0,57.7,61.6,33.7,40.5,Medium,None,3,1,1,3,3,1,5,119,61,0,2255.0,0,0,1,20,2023-03-22 12:03:48
DR-00069,2023-03-03 09:39:44,Emerald,0.48,9,4,0.0,0.0,0.0,55.3,59.6,34.5,41.8,Medium,None,3,1,2,3,3,1,1,75,31,0,1465.0,0,0,0,1034,
DR-00070,2023-03-05 10:19:55,Pear,0.68,6,9,0.0,0.0,0.0,57.6,61.3,32.1,40.3,Medium,None,1,2,2,2,1,1,3,59,37,-1,998.0,0,0,0,1032,
DR-00071,2023-03-05 18:22:25,Emerald,0.68,4,2,0.0,0.0,0.0,63.8,63.3,35.4,41.1,Medium,None,1,2,2,2,3,1,5,55,56,-1,9004.0,0,0,1,11,2023-03-16 16:51:25
DR-00072,2023-03-06 09:02:19,Oval,0.96,5,10,0.0,0.0,0.0,58.0,60.5,35.3,40.7,Medium,None,3,1,2,3,2,3,5,109,13,0,910.0,0,0,1,63,2023-05-08 08:27:19
DR-00073,2023-03-08 09:22:13,Emerald,0.53,5,7,0.0,0.0,0.0,57.2,60.0,35.2,41.3,Medium,None,3,2,2,3,1,1,5,108,63,1,1345.0,0,0,1,101,2023-06-17 11:34:13
DR-00074,2023-03-09 16:29:51,Emerald,0.68,8,6,0.0,0.0,0.0,60.9,63.8,32.2,40.4,Medium,None,1,1,1,1,1,1,2,100,39,0,2367.0,0,0,1,73,2023-05-21 21:09:51
DR-00075,2023-03-09 18:08:15,Princess,0.49,4,3,0.0,0.0,0.0,60.9,63.6,33.9,41.8,Medium,None,1,1,4,4,3,3,2,85,14,0,2979.0,0,0,1,55,2023-05-03 19:26:15
DR-00076,2023-03-10 09:06:45,Asscher,0.93,1,7,0.0,0.0,0.0,60.6,59.2,33.8,41.0,Medium,None,1,3,3,3,3,1,4,40,75,0,5928.0,0,0,1,81,2023-05-30 07:38:45
DR-00077,2023-03-12 17:35:59,Pear,0.8,5,4,0.0,0.0,0.0,64.5,63.4,35.9,41.8,Medium,None,4,3,1,4,1,1,5,117,62,1,4720.0,0,0,1,71,2023-05-22 12:54:59
DR-00078,2023-03-12 19:29:59,Radiant,0.78,6,4,0.0,0.0,0.0,62.0,63.9,34.9,41.5,Medium,None,2,2,1,2,3,3,2,90,36,0,5930.0,0,0,0,1024,
DR-00079,2023-03-13 19:34:31,Emerald,0.48,10,1,0.0,0.0,0.0,58.3,60.1,33.4,40.9,Medium,None,2,3,4,4,1,1,1,119,95,1,1445.0,0,0,1,76,2023-05-28 23:02:31
DR-00080,2023-03-14 09:21:14,Emerald,0.87,6,2,0.0,0.0,0.0,54.6,61.1,32.9,40.5,Medium,None,1,1,1,1,1,3,5,73,95,1,11414.0,0,0,1,49,2023-05-02 05:54:14
DR-00081,2023-03-14 10:18:33,Emerald,0.92,4,3,0.0,0.0,0.0,58.6,63.0,35.9,41.7,Medium,None,1,1,1,1,1,1,3,46,31,1,15800.0,0,0,1,22,2023-04-05 12:36:33
DR-00082,2023-03-14 11:16:29,Asscher,1.07,4,4,0.0,0.0,0.0,58.5,63.8,32.9,40.7,Medium,None,3,1,2,3,2,1,2,56,18,0,11128.0,0,0,1,41,2023-04-24 12:38:29
DR-00083,2023-03-18 18:22:51,Radiant,0.55,3,3,0.0,0.0,0.0,59.6,60.8,34.5,40.6,Medium,None,4,4,3,4,2,3,4,85,9,1,4173.0,0,0,0,1018,
DR-00084,2023-03-19 09:17:37,Heart,0.61,4,2,0.0,0.0,0.0,63.3,60.7,35.2,41.2,Medium,None,3,4,1,4,2,0,2,41,9,0,4758.0,0,0,0,1018,
DR-00085,2023-03-21 09:42:59,Princess,0.49,5,2,0.0,0.0,0.0,56.3,61.5,32.3,41.7,Medium,None,3,1,1,3,2,3,2,91,56,0,3570.0,0,0,1,73,2023-06-02 12:01:59
DR-00086,2023-03-21 10:14:30,Round,1.45,8,7,0.0,0.0,0.0,64.2,61.4,32.9,40.1,Medium,None,1,2,1,2,1,1,1,62,83,1,5800.0,0,0,1,97,2023-06-26 06:05:30
DR-00087,2023-03-21 17:34:48,Pear,0.84,4,2,0.0,0.0,0.0,54.8,60.6,35.0,41.2,Medium,None,4,3,3,4,2,3,5,21,67,1,8048.0,0,0,1,1,2023-03-22 23:02:48
DR-00088,2023-03-23 17:08:33,Pear,0.95,4,5,0.0,0.0,0.0,59.1,61.8,34.9,42.0,Medium,None,3,1,2,3,1,1,3,90,91,0,7960.0,0,0,1,32,2023-04-24 12:17:33
DR-00089,2023-03-24 09:22:52,Oval,1.25,6,5,0.0,0.0,0.0,63.5,63.6,32.4,40.4,Medium,None,3,4,1,4,1,3,5,106,36,0,7086.0,0,1,1,64,2023-05-27 06:03:52
DR-00090,2023-03-26 17:14:47,Pear,0.7,8,6,0.0,0.0,0.0,57.3,60.1,32.9,40.0,Medium,None,2,3,3,3,1,1,5,27,92,0,1711.0,0,1,1,98,2023-07-02 12:55:47
DR-00091,2023-03-27 12:12:08,Round,0.96,1,7,0.0,0.0,0.0,64.6,62.6,33.8,41.2,Medium,None,1,2,1,2,4,1,1,51,40,0,7240.0,0,0,1,1,2023-03-28 11:28:08
DR-00092,2023-03-28 10:17:12,Princess,0.52,7,8,0.0,0.0,0.0,61.3,61.3,34.5,40.5,Medium,None,4,3,2,4,1,1,2,64,8,0,571.0,0,0,1,68,2023-06-04 11:08:12
DR-00093,2023-03-28 18:15:05,Oval,0.56,9,4,0.0,0.0,0.0,64.2,61.5,35.6,40.7,Medium,None,4,3,4,4,1,1,2,73,95,0,1544.0,0,0,1,76,2023-06-12 13:15:05
DR-00094,2023-03-29 09:27:54,Cushion,0.65,4,5,0.0,0.0,0.0,55.0,61.8,34.7,40.7,Medium,None,1,2,1,2,1,3,5,114,13,0,5075.0,0,0,1,87,2023-06-24 10:25:54
DR-00095,2023-03-30 17:33:16,Marquise,0.85,4,3,0.0,0.0,0.0,58.2,62.3,35.1,40.7,Medium,None,3,2,1,3,1,1,4,74,55,0,9626.0,0,0,0,1007,
DR-00096,2023-04-01 17:42:16,Cushion,0.68,4,5,0.0,0.0,0.0,60.8,63.7,33.5,41.8,Medium,None,1,2,1,2,2,3,2,49,98,0,5358.0,0,0,0,1005,
DR-00097,2023-04-02 09:55:31,Emerald,0.86,5,6,0.0,0.0,0.0,59.8,62.0,33.8,41.7,Medium,None,2,2,2,2,1,1,1,56,18,0,4414.0,0,0,0,1004,
DR-00098,2023-04-03 11:53:14,Asscher,0.85,5,7,0.0,0.0,0.0,57.9,60.5,35.3,41.0,Medium,None,2,1,2,2,1,1,2,66,57,0,3493.0,0,0,0,1003,
DR-00099,2023-04-05 09:05:56,Marquise,0.56,4,5,0.0,0.0,0.0,56.3,61.7,33.7,41.0,Medium,None,1,1,1,1,3,2,2,58,5,0,4718.0,0,0,1,44,2023-05-19 08:13:56
DR-00100,2023-04-06 10:20:22,Radiant,0.41,2,4,0.0,0.0,0.0,64.5,59.0,34.2,41.0,Medium,None,1,2,3,3,1,1,4,21,15,0,2859.0,0,0,1,74,2023-06-19 08:00:22
DR-00101,2023-04-06 18:19:01,Pear,0.7,5,9,0.0,0.0,0.0,64.4,59.5,34.9,40.3,Medium,None,3,2,3,3,2,1,2,80,85,1,1031.0,0,0,1,63,2023-06-08 22:27:01
DR-00102,2023-04-07 10:39:02,Pear,0.52,4,8,0.0,0.0,0.0,57.2,60.3,34.4,41.6,Medium,None,2,3,2,3,1,1,4,74,84,1,1146.0,0,0,1,61,2023-06-07 12:59:02
DR-00103,2023-04-07 18:16:39,Oval,1.14,4,4,0.0,0.0,0.0,60.5,64.0,35.7,41.0,Medium,None,3,3,4,4,3,3,2,98,29,0,10393.0,0,0,1,81,2023-06-27 21:29:39
DR-00104,2023-04-08 17:44:44,Round,0.55,5,5,0.0,0.0,0.0,57.2,61.5,33.1,41.8,Medium,None,1,1,3,3,1,0,2,106,71,0,2614.0,0,0,0,998,
DR-00105,2023-04-09 09:23:39,Radiant,1.41,7,4,0.0,0.0,0.0,61.1,63.6,35.7,41.1,Medium,None,2,2,2,2,3,1,3,90,40,-1,14524.0,0,0,1,64,2023-06-12 12:13:39
DR-00106,2023-04-09 10:26:55,Radiant,0.85,6,6,0.0,0.0,0.0,58.0,60.6,34.7,40.2,Medium,None,2,3,2,3,2,1,4,103,29,0,3181.0,0,0,1,96,2023-07-14 09:28:55
DR-00107,2023-04-10 09:23:44,Marquise,0.6,3,5,0.0,0.0,0.0,63.7,62.1,35.5,41.1,Medium,None,1,2,3,3,2,1,1,64,34,-1,3978.0,0,0,1,62,2023-06-11 05:38:44
DR-00108,2023-04-10 10:18:17,Round,1.2,7,5,0.0,0.0,0.0,54.6,60.1,33.9,40.2,Medium,None,3,4,3,4,3,1,3,115,27,0,6074.0,0,0,1,139,2023-08-27 06:49:17
DR-00109,2023-04-10 10:29:23,Oval,0.82,4,8,0.0,0.0,0.0,60.8,62.6,34.5,41.6,Medium,None,4,1,4,4,1,1,5,50,28,0,1857.0,0,1,1,65,2023-06-14 12:09:23
DR-00110,2023-04-10 13:03:46,Asscher,0.88,5,6,0.0,0.0,0.0,58.3,63.3,33.7,40.7,Medium,None,2,2,1,2,4,2,1,60,49,1,4414.0,0,0,1,22,2023-05-02 16:09:46
DR-00111,2023-04-11 09:26:30,Heart,0.52,5,4,0.0,0.0,0.0,55.1,62.1,32.6,41.7,Medium,None,2,4,2,4,4,1,4,41,88,1,2232.0,0,0,1,95,2023-07-15 11:12:30
DR-00112,2023-04-11 12:43:04,Cushion,0.61,2,7,0.0,0.0,0.0,64.9,60.7,34.3,41.5,Medium,None,2,3,1,3,1,1,4,66,31,0,2517.0,0,0,0,995,
DR-00113,2023-04-12 13:42:50,Marquise,0.54,5,6,0.0,0.0,0.0,56.8,61.0,33.5,41.5,Medium,None,2,2,3,3,3,1,4,93,34,0,1607.0,0,0,1,41,2023-05-23 11:40:50
DR-00114,2023-04-12 18:59:23,Princess,0.93,7,5,0.0,0.0,0.0,57.8,63.1,33.0,40.8,Medium,None,2,2,3,3,3,1,2,31,89,0,4841.0,0,0,0,993,
DR-00115,2023-04-14 13:24:54,Heart,0.56,6,5,0.0,0.0,0.0,57.4,62.7,35.7,40.6,Medium,None,3,4,2,4,4,3,5,16,72,0,1703.0,0,0,1,98,2023-07-21 13:05:54
DR-00116,2023-04-16 12:15:09,Cushion,0.87,2,2,0.0,0.0,0.0,61.2,60.6,32.9,40.2,Medium,None,2,1,2,2,1,1,4,70,84,1,17776.0,0,0,1,60,2023-06-15 17:12:09
DR-00117,2023-04-18 10:26:06,Radiant,0.65,4,4,0.0,0.0,0.0,62.2,59.3,36.0,41.2,Medium,None,2,2,2,2,2,1,5,107,57,1,6078.0,0,0,0,988,
DR-00118,2023-04-20 10:20:54,Round,0.7,5,5,0.0,0.0,0.0,58.0,63.1,35.0,41.8,Medium,None,1,2,2,2,1,1,5,66,57,1,4634.0,0,0,1,52,2023-06-11 07:21:54
DR-00119,2023-04-21 17:15:11,Heart,0.9,2,4,0.0,0.0,0.0,57.8,62.0,32.3,41.3,Medium,None,4,2,2,4,3,1,2,79,12,0,8684.0,0,0,0,985,
DR-00120,2023-04-23 10:41:09,Cushion,0.76,4,7,0.0,0.0,0.0,58.5,61.4,33.4,40.3,Medium,None,1,1,1,1,2,1,4,56,85,0,4011.0,0,0,0,983,
DR-00121,2023-04-25 10:51:07,Princess,0.69,5,5,0.0,0.0,0.0,59.3,62.4,32.0,40.4,Medium,None,2,2,3,3,2,1,2,73,19,0,3986.0,0,0,0,981,
DR-00122,2023-04-26 12:47:32,Radiant,0.6,2,7,0.0,0.0,0.0,58.1,60.5,35.0,40.9,Medium,None,2,1,1,2,1,1,1,95,52,1,2943.0,0,0,0,980,
DR-00123,2023-04-27 15:16:20,Emerald,0.35,8,7,0.0,0.0,0.0,56.2,61.5,35.8,40.3,Medium,None,3,2,3,3,4,0,1,17,32,1,500.0,0,1,1,70,2023-07-06 20:32:20
DR-00124,2023-04-29 10:20:34,Radiant,0.4,3,4,0.0,0.0,0.0,62.7,61.3,34.0,41.6,Medium,None,2,1,1,2,1,1,2,45,31,1,2953.0,0,0,1,2,2023-05-01 14:15:34
DR-00125,2023-04-30 17:59:46,Asscher,1.12,7,6,0.0,0.0,0.0,62.9,59.8,33.9,41.6,Medium,None,2,2,1,2,2,3,2,96,66,1,5334.0,0,0,1,40,2023-06-09 23:14:46
DR-00126,2023-05-01 19:00:20,Pear,0.38,6,7,0.0,0.0,0.0,59.6,61.6,32.6,41.7,Medium,None,1,1,4,4,1,1,5,102,90,0,500.0,0,1,1,85,2023-07-25 23:00:20
DR-00127,2023-05-02 09:33:04,Marquise,0.85,6,5,0.0,0.0,0.0,58.4,62.4,33.6,40.3,Medium,None,1,2,3,3,3,3,1,21,13,0,4518.0,0,0,1,102,2023-08-12 08:05:04
DR-00128,2023-05-03 09:56:46,Emerald,1.23,6,4,0.0,0.0,0.0,55.4,59.5,34.3,41.6,Medium,None,1,1,1,1,3,1,1,92,77,0,15119.0,0,0,1,15,2023-05-18 12:59:46
DR-00129,2023-05-03 17:28:24,Heart,1.15,4,6,0.0,0.0,0.0,55.6,59.2,32.6,41.8,Medium,None,2,1,2,2,3,1,2,25,22,0,8358.0,0,0,1,60,2023-07-02 22:14:24
DR-00130,2023-05-05 10:16:46,Round,0.79,5,10,0.0,0.0,0.0,56.6,63.4,34.3,41.8,Medium,None,4,2,2,4,3,1,1,75,99,1,517.0,0,0,0,971,
DR-00131,2023-05-06 09:25:39,Radiant,0.86,3,4,0.0,0.0,0.0,59.2,59.6,34.5,42.0,Medium,None,3,2,2,3,1,3,1,101,73,0,9212.0,0,0,1,35,2023-06-10 05:11:39
DR-00132,2023-05-07 11:01:21,Heart,1.46,4,4,0.0,0.0,0.0,56.0,60.6,33.5,40.1,Medium,None,1,1,3,3,1,3,5,43,15,1,18650.0,0,1,1,28,2023-06-04 12:00:21
DR-00133,2023-05-10 15:00:11,Pear,0.46,3,3,0.0,0.0,0.0,61.5,59.4,34.9,40.2,Medium,None,2,1,4,4,2,3,4,113,55,1,2922.0,0,0,1,34,2023-06-13 12:15:11
DR-00134,2023-05-10 19:35:05,Marquise,0.76,4,3,0.0,0.0,0.0,57.9,62.3,32.0,40.8,Medium,None,1,1,2,2,2,3,1,37,52,0,9146.0,0,0,1,56,2023-07-06 01:11:05
DR-00135,2023-05-11 09:21:33,Round,1.19,7,6,0.0,0.0,0.0,58.7,62.6,35.9,40.8,Medium,None,2,3,1,3,1,0,5,34,31,0,4614.0,0,0,0,965,
DR-00136,2023-05-11 09:56:53,Oval,0.94,5,5,0.0,0.0,0.0,64.5,60.3,34.1,41.8,Medium,None,3,2,3,3,4,1,4,22,23,0,6409.0,0,0,0,965,
DR-00137,2023-05-11 19:51:52,Pear,0.62,4,3,0.0,0.0,0.0,55.3,61.9,35.3,40.1,Medium,None,4,1,1,4,3,1,4,38,73,0,4259.0,0,0,1,79,2023-07-29 19:32:52
DR-00138,2023-05-12 16:57:34,Round,0.64,1,7,0.0,0.0,0.0,57.8,59.2,33.7,40.6,Medium,None,4,2,2,4,1,1,4,77,32,0,2335.0,0,0,1,81,2023-08-01 18:31:34
DR-00139,2023-05-13 09:30:47,Marquise,0.4,8,4,0.0,0.0,0.0,60.5,62.1,34.7,41.7,Medium,None,3,2,3,3,2,1,2,54,46,0,1270.0,0,0,0,963,
DR-00140,2023-05-14 09:02:39,Marquise,0.95,3,5,0.0,0.0,0.0,64.9,61.7,34.8,40.6,Medium,None,2,2,1,2,4,3,5,63,67,0,10908.0,0,0,0,962,
DR-00141,2023-05-15 10:48:00,Round,0.45,3,7,0.0,0.0,0.0,63.2,61.0,35.0,41.9,Medium,None,1,4,4,4,2,1,4,66,85,0,1084.0,0,0,1,26,2023-06-10 11:05:00
DR-00142,2023-05-19 09:37:06,Emerald,0.66,5,4,0.0,0.0,0.0,63.5,63.7,32.2,40.3,Medium,None,3,1,4,4,1,1,1,90,33,1,3492.0,0,0,0,957,
DR-00143,2023-05-21 16:25:08,Heart,0.87,3,9,0.0,0.0,0.0,56.8,60.5,35.4,40.8,Medium,None,2,2,2,2,1,1,1,56,93,0,2414.0,0,0,1,94,2023-08-23 18:27:08
DR-00144,2023-05-22 16:37:48,Princess,0.49,5,4,0.0,0.0,0.0,54.6,62.2,33.4,40.3,Medium,None,3,2,2,3,3,1,4,113,39,-1,2487.0,0,0,1,41,2023-07-02 17:02:48
DR-00145,2023-05-24 10:33:44,Heart,1.65,3,2,0.0,0.0,0.0,59.7,60.5,33.3,40.3,Medium,None,1,1,1,1,3,1,3,105,86,1,56200.0,1,0,1,1,2023-05-25 14:50:44
DR-00146,2023-05-25 10:49:09,Cushion,1.09,7,3,0.0,0.0,0.0,61.6,61.2,33.4,40.7,Medium,None,1,1,1,1,1,1,4,21,13,0,13957.0,0,0,0,951,
DR-00147,2023-05-25 18:18:37,Radiant,0.93,6,3,0.0,0.0,0.0,59.4,60.8,35.4,40.3,Medium,None,2,1,2,2,1,1,3,58,92,1,9215.0,0,0,1,55,2023-07-19 19:33:37
DR-00148,2023-05-26 09:12:26,Cushion,1.12,5,4,0.0,0.0,0.0,63.1,59.6,33.1,40.4,Medium,None,2,1,2,2,1,1,2,76,46,0,12145.0,0,0,1,1,2023-05-27 07:41:26
DR-00149,2023-05-27 10:06:09,Pear,0.95,4,7,0.0,0.0,0.0,55.4,60.5,35.8,40.8,Medium,None,2,3,2,3,1,1,4,103,24,0,4220.0,0,0,1,51,2023-07-17 11:56:09
DR-00150,2023-05-27 10:25:57,Radiant,0.79,1,6,0.0,0.0,0.0,64.5,59.1,32.8,40.9,Medium,None,2,1,4,4,1,1,5,63,47,0,4083.0,0,0,0,949,
DR-00151,2023-05-28 13:31:46,Emerald,0.47,5,4,0.0,0.0,0.0,64.2,61.5,35.0,40.3,Medium,None,1,2,1,2,2,1,3,89,92,0,2914.0,0,0,1,48,2023-07-15 11:05:46
DR-00152,2023-05-29 12:39:34,Asscher,1.05,1,6,0.0,0.0,0.0,63.8,60.4,34.3,41.3,Medium,None,1,1,1,1,1,1,2,25,27,0,13313.0,0,0,0,947,
DR-00153,2023-05-30 11:31:07,Radiant,0.7,5,7,0.0,0.0,0.0,55.7,63.9,34.4,40.1,Medium,None,3,2,1,3,4,3,5,96,32,1,2179.0,0,0,1,169,2023-11-15 13:52:07
DR-00154,2023-05-31 09:47:11,Heart,0.64,3,9,0.0,0.0,0.0,56.2,60.8,32.1,41.0,Medium,None,2,1,1,2,2,1,4,44,85,0,1415.0,0,0,1,12,2023-06-12 10:46:11
DR-00155,2023-06-01 10:09:13,Marquise,0.38,7,7,0.0,0.0,0.0,56.3,62.7,35.1,41.1,Medium,None,1,2,2,2,3,1,2,63,6,1,663.0,0,0,1,80,2023-08-20 12:26:13
DR-00156,2023-06-01 17:55:31,Cushion,0.45,9,2,0.0,0.0,0.0,63.1,60.6,32.8,41.9,Medium,None,4,1,2,4,3,1,4,19,29,-1,1497.0,0,0,0,944,
DR-00157,2023-06-02 09:13:10,Asscher,0.45,4,3,0.0,0.0,0.0,62.9,59.6,33.3,41.8,Medium,None,3,4,2,4,2,1,5,24,31,-1,2423.0,0,0,1,92,2023-09-02 10:52:10
DR-00158,2023-06-02 09:42:37,Radiant,0.58,3,8,0.0,0.0,0.0,60.0,59.3,33.8,41.2,Medium,None,2,2,2,2,3,0,1,83,45,0,1778.0,0,0,1,77,2023-08-18 15:35:37
DR-00159,2023-06-06 10:51:43,Radiant,0.28,6,6,0.0,0.0,0.0,64.3,63.0,34.1,41.8,Medium,None,2,3,4,4,3,3,4,57,94,-1,500.0,0,0,0,939,
DR-00160,2023-06-08 17:21:57,Pear,0.77,4,1,0.0,0.0,0.0,56.2,63.1,33.3,41.0,Medium,None,1,2,2,2,2,1,5,94,19,0,12873.0,0,0,0,937,
DR-00161,2023-06-09 10:55:51,Asscher,0.76,10,4,0.0,0.0,0.0,58.9,62.1,35.2,40.5,Medium,None,1,2,1,2,4,1,1,17,37,0,2743.0,0,1,1,150,2023-11-06 15:00:51
DR-00162,2023-06-10 17:22:22,Radiant,0.33,8,3,0.0,0.0,0.0,62.4,59.5,34.0,40.2,Medium,None,1,2,2,2,2,1,3,19,18,0,1323.0,0,0,1,124,2023-10-12 19:34:22
DR-00163,2023-06-12 09:40:01,Oval,0.74,7,5,0.0,0.0,0.0,56.2,59.1,32.5,40.7,Medium,None,3,2,3,3,4,1,1,117,64,0,3097.0,0,0,1,93,2023-09-13 13:30:01
DR-00164,2023-06-13 09:32:49,Cushion,1.11,8,6,0.0,0.0,0.0,55.2,59.9,32.7,40.9,Medium,None,2,3,3,3,3,1,3,44,10,-1,3916.0,0,0,1,142,2023-11-02 04:50:49
DR-00165,2023-06-13 10:20:32,Heart,1.25,2,5,0.0,0.0,0.0,59.3,60.0,33.5,40.5,Medium,None,2,3,4,4,1,1,2,106,69,0,12967.0,0,0,1,60,2023-08-12 15:13:32
DR-00166,2023-06-16 17:22:29,Heart,1.32,3,9,0.0,0.0,0.0,62.8,59.7,34.1,41.2,Medium,None,2,4,1,4,3,3,5,43,43,1,3269.0,0,0,1,87,2023-09-11 18:08:29
DR-00167,2023-06-17 17:31:22,Radiant,0.5,3,7,0.0,0.0,0.0,63.6,63.0,34.6,40.7,Medium,None,3,4,2,4,1,1,4,61,51,0,1276.0,0,0,1,10,2023-06-27 21:03:22
DR-00168,2023-06-18 19:08:03,Round,0.65,7,4,0.0,0.0,0.0,60.3,62.0,32.9,40.4,Medium,None,2,1,3,3,1,1,3,102,76,0,3154.0,0,0,1,87,2023-09-13 23:48:03
DR-00169,2023-06-21 10:27:36,Cushion,1.19,8,6,0.0,0.0,0.0,64.2,60.8,32.1,40.5,Medium,None,2,2,2,2,1,1,5,91,80,1,5321.0,0,0,1,36,2023-07-27 14:54:36
DR-00170,2023-06-21 11:48:30,Heart,0.71,7,8,0.0,0.0,0.0,57.3,61.7,35.1,40.6,Medium,None,2,2,1,2,1,1,5,52,92,-1,1382.0,0,1,1,97,2023-09-26 10:51:30
DR-00171,2023-06-21 17:58:44,Marquise,0.53,4,4,0.0,0.0,0.0,60.7,60.4,33.2,40.8,Medium,None,3,3,2,3,1,1,2,80,53,0,3351.0,0,0,0,924,
DR-00172,2023-06-21 18:29:11,Cushion,1.29,7,4,0.0,0.0,0.0,55.2,59.6,34.4,40.4,Medium,None,1,2,3,3,1,1,4,51,96,0,9914.0,0,0,1,48,2023-08-08 21:09:11
DR-00173,2023-06-21 18:40:06,Princess,1.2,4,6,0.0,0.0,0.0,60.0,60.7,33.8,40.7,Medium,None,2,2,3,3,2,1,3,63,28,0,7997.0,0,0,0,923,
DR-00174,2023-06-23 11:42:00,Round,1.72,8,4,0.0,0.0,0.0,56.7,59.3,34.0,40.0,Medium,None,4,2,4,4,1,1,3,39,43,0,11626.0,0,0,0,922,
DR-00175,2023-06-24 18:51:01,Oval,0.51,4,1,0.0,0.0,0.0,56.1,61.1,32.6,41.7,Medium,None,3,4,1,4,3,3,1,22,85,-1,4345.0,0,0,1,64,2023-08-27 15:40:01
DR-00176,2023-06-25 10:59:25,Asscher,0.35,4,3,0.0,0.0,0.0,55.6,59.1,35.6,41.1,Medium,None,3,3,2,3,4,1,1,24,39,0,1997.0,0,0,1,50,2023-08-14 06:33:25
DR-00177,2023-06-26 17:13:51,Round,0.69,4,6,0.0,0.0,0.0,55.4,59.2,36.0,40.9,Medium,None,3,1,3,3,1,1,2,119,40,1,3057.0,0,0,1,51,2023-08-16 15:10:51
DR-00178,2023-06-27 17:20:49,Emerald,1.2,4,5,0.0,0.0,0.0,59.4,63.1,34.6,41.7,Medium,None,2,2,1,2,1,3,2,76,79,1,14048.0,1,0,1,40,2023-08-06 13:40:49
DR-00179,2023-07-01 09:34:06,Marquise,0.57,5,5,0.0,0.0,0.0,64.8,59.4,32.2,40.3,Medium,None,1,2,1,2,3,3,1,29,89,0,3403.0,0,0,0,914,
DR-00180,2023-07-05 09:54:16,Oval,0.93,4,6,0.0,0.0,0.0,58.4,63.1,35.7,41.1,Medium,None,2,2,1,2,1,1,3,44,99,0,6014.0,0,0,1,69,2023-09-12 07:24:16
DR-00181,2023-07-05 10:15:53,Marquise,0.71,6,8,0.0,0.0,0.0,57.3,63.9,34.9,41.1,Medium,None,1,2,1,2,4,1,1,81,94,0,1587.0,0,0,1,31,2023-08-05 12:32:53
DR-00182,2023-07-08 10:05:49,Emerald,0.7,1,5,0.0,0.0,0.0,59.0,63.3,32.8,40.3,Medium,None,2,2,1,2,4,1,3,112,66,0,8110.0,0,0,0,907,
DR-00183,2023-07-08 10:16:28,Asscher,0.74,8,5,0.0,0.0,0.0,57.0,63.1,33.2,40.4,Medium,None,4,3,2,4,2,1,2,30,99,-1,2189.0,0,0,0,907,
DR-00184,2023-07-08 10:17:38,Emerald,0.83,4,8,0.0,0.0,0.0,65.0,61.0,33.1,40.9,Medium,None,2,2,3,3,1,1,4,119,31,0,2394.0,0,0,1,52,2023-08-29 12:31:38
DR-00185,2023-07-10 15:40:53,Princess,0.42,4,4,0.0,0.0,0.0,54.9,60.0,33.7,41.7,Medium,None,1,1,1,1,2,3,2,109,11,0,3462.0,0,0,1,70,2023-09-18 15:56:53
DR-00186,2023-07-10 17:05:57,Heart,0.92,9,3,0.0,0.0,0.0,54.5,59.4,35.5,41.9,Medium,None,2,1,1,2,1,3,1,109,73,0,6585.0,0,0,1,88,2023-10-06 14:53:57
DR-00187,2023-07-11 10:53:22,Radiant,1.25,7,4,0.0,0.0,0.0,63.6,62.6,35.5,41.7,Medium,None,1,4,3,4,2,1,2,106,81,0,7930.0,0,0,1,32,2023-08-12 12:18:22
DR-00188,2023-07-11 11:55:23,Cushion,0.71,2,1,0.0,0.0,0.0,55.9,62.4,33.8,41.0,Medium,None,3,3,4,4,3,1,5,49,37,1,9772.0,0,0,1,33,2023-08-13 11:53:23
DR-00189,2023-07-13 18:44:39,Emerald,1.46,10,3,0.0,0.0,0.0,56.6,63.8,33.2,40.4,Medium,None,2,4,3,4,2,3,2,56,80,0,6528.0,0,0,1,125,2023-11-15 22:41:39
DR-00190,2023-07-15 09:31:35,Cushion,0.92,2,5,0.0,0.0,0.0,55.7,59.4,35.3,40.9,Medium,None,2,2,3,3,3,3,1,54,54,0,9687.0,0,0,1,125,2023-11-17 11:27:35
DR-00191,2023-07-17 10:39:12,Emerald,0.62,4,7,0.0,0.0,0.0,58.1,59.1,34.7,40.6,Medium,None,1,1,4,4,3,1,4,47,67,0,1551.0,0,0,1,58,2023-09-13 16:29:12
DR-00192,2023-07-19 10:40:49,Cushion,0.5,5,1,0.0,0.0,0.0,63.4,61.3,33.6,41.6,Medium,None,2,4,4,4,2,1,3,118,81,1,3502.0,0,0,0,896,
DR-00193,2023-07-20 14:34:51,Oval,0.42,5,6,0.0,0.0,0.0,59.3,60.5,35.4,41.5,Medium,None,2,3,3,3,1,1,4,37,80,-1,1089.0,0,0,1,83,2023-10-11 15:16:51
DR-00194,2023-07-21 15:35:40,Oval,0.56,6,5,0.0,0.0,0.0,64.6,60.7,34.7,41.5,Medium,None,4,2,2,4,4,1,5,91,96,1,1783.0,0,0,1,87,2023-10-16 17:41:40
DR-00195,2023-07-22 10:42:28,Cushion,0.58,10,4,0.0,0.0,0.0,57.4,62.8,32.6,41.3,Medium,None,2,1,1,2,4,1,3,26,48,0,1696.0,0,0,1,60,2023-09-20 06:11:28
DR-00196,2023-07-23 10:06:21,Princess,1.05,7,5,0.0,0.0,0.0,62.2,63.7,35.3,40.3,Medium,None,2,4,2,4,2,3,5,40,17,0,4608.0,0,0,1,36,2023-08-28 05:22:21
DR-00197,2023-07-23 11:35:07,Cushion,1.09,4,4,0.0,0.0,0.0,59.9,62.1,33.3,41.6,Medium,None,1,2,3,3,2,1,3,38,90,1,11251.0,0,0,1,67,2023-09-28 10:25:07
DR-00198,2023-07-23 11:57:30,Cushion,0.99,6,9,0.0,0.0,0.0,61.5,63.4,35.6,41.2,Medium,None,2,3,2,3,2,1,3,106,29,1,1514.0,0,0,1,114,2023-11-14 12:01:30
DR-00199,2023-07-24 09:22:23,Round,0.4,4,3,0.0,0.0,0.0,62.1,62.8,32.6,40.8,Medium,None,3,1,2,3,3,1,5,80,28,0,2668.0,0,0,1,17,2023-08-10 07:48:23
DR-00200,2023-07-27 12:11:06,Oval,0.72,6,5,0.0,0.0,0.0,62.3,63.4,34.2,40.7,Medium,None,2,1,2,2,3,1,2,32,77,0,3958.0,0,0,0,888,
DR-00201,2023-07-28 17:20:22,Heart,1.12,4,4,0.0,0.0,0.0,56.4,63.9,33.1,41.5,Medium,None,2,3,2,3,2,3,3,34,62,0,11963.0,0,0,0,887,
DR-00202,2023-07-29 10:57:49,Pear,1.28,3,1,0.0,0.0,0.0,63.4,62.6,34.9,41.5,Medium,None,1,4,4,4,2,0,2,86,29,1,23073.0,0,0,0,886,
DR-00203,2023-07-29 11:37:00,Marquise,0.49,2,1,0.0,0.0,0.0,59.8,59.9,34.2,41.9,Medium,None,4,3,3,4,2,3,2,49,40,0,5320.0,0,0,0,886,
DR-00204,2023-07-29 18:48:13,Oval,0.59,5,5,0.0,0.0,0.0,65.0,60.8,35.9,41.9,Medium,None,1,2,2,2,1,2,3,69,90,0,3487.0,0,0,1,46,2023-09-13 19:11:13
DR-00205,2023-07-30 10:00:34,Princess,0.54,7,8,0.0,0.0,0.0,57.2,60.1,35.9,41.4,Medium,None,1,2,2,2,1,1,5,55,16,0,900.0,0,1,1,119,2023-11-26 06:55:34
DR-00206,2023-08-01 17:26:10,Cushion,0.61,7,3,0.0,0.0,0.0,54.6,63.7,34.9,40.5,Medium,None,2,2,2,2,2,0,4,85,57,0,4263.0,0,0,0,883,
DR-00207,2023-08-02 17:51:57,Marquise,0.89,10,4,0.0,0.0,0.0,58.4,59.6,33.2,42.0,Medium,None,2,2,1,2,2,1,1,79,72,0,3388.0,0,0,1,46,2023-09-17 14:20:57
DR-00208,2023-08-03 18:13:15,Oval,0.52,6,4,0.0,0.0,0.0,63.4,63.4,36.0,41.4,Medium,None,1,2,2,2,3,3,2,104,19,0,2712.0,0,0,1,25,2023-08-28 22:23:15
DR-00209,2023-08-05 09:30:50,Asscher,1.21,5,4,0.0,0.0,0.0,57.3,63.7,34.1,40.9,Medium,None,2,1,2,2,2,1,2,29,31,0,14280.0,0,0,1,57,2023-10-01 09:51:50
DR-00210,2023-08-05 13:27:51,Heart,0.8,4,6,0.0,0.0,0.0,61.6,60.2,32.6,41.8,Medium,None,1,2,3,3,1,2,4,18,27,0,3689.0,0,0,0,879,
DR-00211,2023-08-06 14:13:45,Asscher,1.17,6,4,0.0,0.0,0.0,59.4,59.9,32.0,41.3,Medium,None,4,3,4,4,2,1,5,113,79,1,7636.0,0,0,1,45,2023-09-20 16:01:45
DR-00212,2023-08-09 11:28:43,Marquise,1.06,1,6,0.0,0.0,0.0,64.5,60.6,34.5,41.1,Medium,None,3,3,1,3,2,1,1,61,90,0,8461.0,0,0,1,43,2023-09-21 07:00:43
DR-00213,2023-08-10 10:14:32,Round,1.12,5,5,0.0,0.0,0.0,62.0,59.3,34.1,41.8,Medium,None,1,2,3,3,1,1,4,68,87,-1,8781.0,0,0,0,874,
DR-00214,2023-08-12 10:41:03,Emerald,1.02,5,3,0.0,0.0,0.0,61.2,61.8,33.7,41.4,Medium,None,2,2,1,2,1,1,5,18,41,1,13087.0,0,0,1,1,2023-08-13 10:28:03
DR-00215,2023-08-12 13:45:20,Round,0.93,4,5,0.0,0.0,0.0,62.7,59.0,33.9,40.4,Medium,None,3,2,3,3,2,1,3,29,73,0,7256.0,0,0,1,59,2023-10-10 09:31:20
DR-00216,2023-08-14 14:39:15,Oval,0.47,3,2,0.0,0.0,0.0,62.8,62.2,32.0,40.4,Medium,None,2,2,2,2,2,3,5,114,7,0,5411.0,0,0,0,870,
DR-00217,2023-08-14 17:09:57,Pear,1.39,2,7,0.0,0.0,0.0,58.2,59.1,33.5,40.5,Medium,None,1,1,2,2,1,1,5,51,70,1,11965.0,0,0,1,21,2023-09-04 15:23:57
DR-00218,2023-08-15 09:27:51,Round,0.9,4,4,0.0,0.0,0.0,62.3,63.1,33.2,40.1,Medium,None,2,2,4,4,1,2,5,61,17,-1,6773.0,0,0,0,869,
DR-00219,2023-08-15 15:27:23,Radiant,0.73,3,6,0.0,0.0,0.0,62.8,59.2,35.5,40.3,Medium,None,3,3,3,3,4,1,3,70,37,0,3641.0,0,0,1,56,2023-10-10 15:50:23
DR-00220,2023-08-15 17:16:27,Pear,1.83,3,2,0.0,0.0,0.0,60.1,63.5,32.8,41.3,Medium,None,1,3,3,3,2,1,2,69,97,1,45773.0,0,0,1,56,2023-10-10 17:24:27
DR-00221,2023-08-16 10:28:19,Emerald,1.04,5,5,0.0,0.0,0.0,59.4,61.7,33.0,41.7,Medium,None,1,4,2,4,3,0,5,104,83,0,6388.0,0,1,1,71,2023-10-26 10:47:19
DR-00222,2023-08-18 18:23:43,Cushion,0.52,9,3,0.0,0.0,0.0,61.7,62.7,35.5,41.3,Medium,None,2,3,2,3,1,3,4,33,68,0,1946.0,0,0,0,865,
DR-00223,2023-08-21 10:28:17,Pear,0.53,9,1,0.0,0.0,0.0,56.5,61.6,36.0,41.3,Medium,None,1,2,3,3,2,3,3,90,74,0,2807.0,0,0,1,33,2023-09-23 12:51:17
DR-00224,2023-08-22 19:19:13,Oval,0.63,7,5,0.0,0.0,0.0,61.0,60.3,33.8,41.0,Medium,None,2,1,2,2,1,1,2,89,9,0,3065.0,0,0,1,115,2023-12-15 22:05:13
DR-00225,2023-08-23 17:09:31,Princess,0.87,4,2,0.0,0.0,0.0,61.7,62.0,34.9,40.4,Medium,None,3,2,2,3,4,3,5,47,36,0,10977.0,0,0,1,22,2023-09-14 12:47:31
DR-00226,2023-08-24 09:13:55,Radiant,0.41,1,1,0.0,0.0,0.0,62.2,59.6,34.4,41.4,Medium,None,1,1,1,1,2,1,1,109,94,-1,7575.0,0,0,1,2,2023-08-26 08:06:55
DR-00227,2023-08-24 12:58:31,Asscher,0.67,6,7,0.0,0.0,0.0,61.7,60.9,34.1,40.3,Medium,None,1,4,1,4,4,1,5,80,26,1,1236.0,0,0,1,64,2023-10-27 11:33:31
DR-00228,2023-08-24 18:21:18,Marquise,0.67,4,4,0.0,0.0,0.0,57.0,61.8,33.9,40.2,Medium,None,1,2,2,2,1,1,2,110,7,0,6076.0,0,0,1,46,2023-10-09 23:08:18
DR-00229,2023-08-25 09:01:49,Marquise,0.57,4,3,0.0,0.0,0.0,57.1,60.9,33.4,40.8,Medium,None,1,4,3,4,1,1,5,68,6,-1,3960.0,0,0,1,36,2023-09-30 13:42:49
DR-00230,2023-08-27 09:28:42,Heart,0.9,5,3,0.0,0.0,0.0,62.2,60.1,32.6,41.1,Medium,None,2,2,2,2,2,1,2,94,68,1,10555.0,0,0,1,79,2023-11-14 13:16:42
DR-00231,2023-08-29 10:16:24,Heart,0.4,7,3,0.0,0.0,0.0,59.2,60.4,33.7,40.4,Medium,None,1,3,2,3,2,3,4,59,19,1,1714.0,0,0,0,855,
DR-00232,2023-08-29 14:55:49,Cushion,0.72,3,5,0.0,0.0,0.0,56.1,62.8,34.9,41.3,Medium,None,2,2,4,4,2,1,4,95,29,0,4194.0,0,0,1,87,2023-11-24 11:39:49
DR-00233,2023-08-29 18:09:57,Princess,0.48,6,5,0.0,0.0,0.0,54.0,61.7,33.3,41.2,Medium,None,4,1,1,4,3,3,2,55,22,0,1405.0,0,0,0,854,
DR-00234,2023-08-31 09:22:37,Oval,0.88,3,6,0.0,0.0,0.0,60.8,61.7,34.6,41.4,Medium,None,4,2,1,4,1,1,5,17,68,1,4198.0,0,0,1,100,2023-12-09 13:05:37
DR-00235,2023-08-31 09:25:28,Marquise,1.02,4,6,0.0,0.0,0.0,59.3,61.6,32.2,40.2,Medium,None,1,3,1,3,4,1,2,72,22,0,5598.0,0,0,1,64,2023-11-03 10:43:28
DR-00236,2023-08-31 17:42:24,Princess,0.9,9,4,0.0,0.0,0.0,62.0,63.2,34.7,41.3,Medium,None,3,3,1,3,2,3,2,16,71,1,4373.0,0,1,1,95,2023-12-04 22:57:24
DR-00237,2023-08-31 17:51:38,Emerald,0.61,3,3,0.0,0.0,0.0,54.3,63.3,34.6,41.0,Medium,None,3,3,3,3,2,3,2,70,16,-1,6296.0,0,0,0,853,
DR-00238,2023-09-04 09:37:36,Oval,0.95,3,7,0.0,0.0,0.0,58.7,63.9,33.2,41.2,Medium,None,4,2,2,4,4,1,3,111,53,0,3645.0,0,0,0,849,
DR-00239,2023-09-04 10:53:07,Round,0.84,4,1,0.0,0.0,0.0,61.8,60.7,34.8,41.7,Medium,None,3,1,1,3,4,1,4,114,86,0,12670.0,0,0,1,1,2023-09-05 13:44:07
DR-00240,2023-09-05 09:49:13,Emerald,0.77,5,7,0.0,0.0,0.0,62.0,59.0,33.2,41.1,Medium,None,4,2,3,4,1,1,3,90,83,0,2040.0,0,0,1,83,2023-11-27 07:09:13
DR-00241,2023-09-05 09:52:21,Cushion,0.88,5,4,0.0,0.0,0.0,54.8,62.2,33.3,41.4,Medium,None,2,3,2,3,2,1,4,27,46,0,7294.0,0,0,1,91,2023-12-05 14:04:21
DR-00242,2023-09-05 10:36:15,Pear,0.44,7,5,0.0,0.0,0.0,54.9,61.7,32.7,40.8,Medium,None,1,2,2,2,1,1,4,78,38,0,1616.0,0,0,1,104,2023-12-18 12:45:15
DR-00243,2023-09-07 10:23:44,Cushion,0.36,7,2,0.0,0.0,0.0,64.6,61.1,35.6,41.5,Medium,None,2,1,2,2,2,1,3,61,52,0,1985.0,0,0,1,96,2023-12-12 10:28:44
DR-00244,2023-09-17 09:28:30,Pear,1.36,3,5,0.0,0.0,0.0,61.6,60.2,35.0,41.6,Medium,None,3,4,3,4,2,3,1,66,21,0,13328.0,0,0,1,39,2023-10-26 11:16:30
DR-00245,2023-09-17 09:56:37,Asscher,0.98,4,7,0.0,0.0,0.0,61.8,63.2,33.1,40.1,Medium,None,1,4,2,4,1,1,1,105,84,0,3295.0,0,0,0,836,
DR-00246,2023-09-17 13:56:31,Radiant,0.51,5,5,0.0,0.0,0.0,60.6,62.0,34.6,40.1,Medium,None,2,4,2,4,1,3,5,55,37,0,1825.0,0,0,0,836,
DR-00247,2023-09-17 15:47:37,Oval,0.59,2,7,0.0,0.0,0.0,62.4,63.8,35.9,41.3,Medium,None,3,3,2,3,3,3,1,33,80,1,2325.0,0,0,0,836,
DR-00248,2023-09-18 10:51:19,Princess,0.51,5,3,0.0,0.0,0.0,64.9,62.3,32.4,41.0,Medium,None,3,2,2,3,4,1,4,45,58,1,3385.0,0,0,1,83,2023-12-10 06:05:19
DR-00249,2023-09-19 17:53:33,Round,0.7,5,2,0.0,0.0,0.0,58.2,61.6,32.0,40.8,Medium,None,1,1,2,2,3,1,1,44,47,1,8052.0,0,0,0,834,
DR-00250,2023-09-21 17:59:01,Heart,0.6,9,2,0.0,0.0,0.0,59.1,62.2,32.6,40.7,Medium,None,1,3,3,3,1,1,5,104,98,1,2831.0,0,0,0,832,
DR-00251,2023-09-22 11:28:09,Marquise,0.63,1,10,0.0,0.0,0.0,56.3,61.4,33.5,41.9,Medium,None,2,1,2,2,2,2,5,106,84,0,867.0,0,0,1,117,2024-01-17 11:15:09
DR-00252,2023-09-22 12:27:43,Princess,0.65,4,5,0.0,0.0,0.0,58.4,59.6,35.5,40.4,Medium,None,3,1,3,3,2,1,3,91,39,1,3872.0,0,0,0,831,
DR-00253,2023-09-24 09:33:07,Emerald,1.44,6,1,0.0,0.0,0.0,64.7,61.4,34.7,40.3,Medium,None,1,1,1,1,1,1,2,104,40,1,33776.0,0,0,1,84,2023-12-17 12:39:07
DR-00254,2023-09-24 17:19:53,Princess,1.07,3,4,0.0,0.0,0.0,62.9,61.5,34.6,40.9,Medium,None,2,2,1,2,1,3,2,31,42,0,15619.0,1,0,1,50,2023-11-13 17:17:53
DR-00255,2023-09-25 10:57:07,Emerald,0.91,8,7,0.0,0.0,0.0,64.4,62.5,32.2,40.8,Medium,None,2,2,3,3,1,3,2,97,19,-1,2174.0,0,0,1,93,2023-12-27 08:58:07
DR-00256,2023-09-27 18:58:42,Cushion,1.18,8,4,0.0,0.0,0.0,57.6,62.4,35.2,41.1,Medium,None,1,2,1,2,2,1,2,106,92,1,8768.0,0,0,1,123,2024-01-29 00:28:42
DR-00257,2023-09-27 19:43:18,Pear,0.71,1,5,0.0,0.0,0.0,59.9,61.6,35.9,41.4,Medium,None,2,2,2,2,1,1,2,29,44,1,8327.0,0,0,1,43,2023-11-09 17:43:18
DR-00258,2023-09-28 18:52:30,Round,0.7,4,7,0.0,0.0,0.0,56.4,60.0,35.4,40.4,Medium,None,3,1,2,3,2,1,4,113,22,1,2506.0,0,0,0,824,
DR-00259,2023-09-28 19:46:27,Heart,0.65,2,8,0.0,0.0,0.0,59.0,62.3,33.4,41.9,Medium,None,4,1,4,4,1,1,4,110,95,0,1663.0,0,0,1,75,2023-12-12 20:07:27
DR-00260,2023-10-02 09:16:05,Cushion,1.48,9,5,0.0,0.0,0.0,61.2,63.2,32.1,40.5,Medium,None,4,4,1,4,1,1,3,44,13,0,6322.0,0,0,1,103,2024-01-13 10:50:05
DR-00261,2023-10-03 12:07:58,Princess,0.65,5,2,0.0,0.0,0.0,56.7,62.9,33.7,40.8,Medium,None,4,2,3,4,2,1,4,54,95,0,4539.0,0,0,1,62,2023-12-04 08:08:58
DR-00262,2023-10-03 17:23:14,Princess,0.6,3,7,0.0,0.0,0.0,57.9,60.3,35.0,41.4,Medium,None,1,2,1,2,1,1,2,48,27,0,2632.0,0,0,0,820,
DR-00263,2023-10-04 15:40:13,Emerald,0.56,5,5,0.0,0.0,0.0,56.6,64.0,34.3,41.0,Medium,None,3,3,2,3,1,3,2,21,27,0,2627.0,0,0,1,40,2023-11-13 10:47:13
DR-00264,2023-10-06 10:00:33,Round,0.36,8,2,0.0,0.0,0.0,56.5,62.8,35.2,40.4,Medium,None,1,3,2,3,1,3,3,118,28,0,1377.0,0,0,1,96,2024-01-10 12:21:33
DR-00265,2023-10-09 17:27:37,Asscher,0.55,6,5,0.0,0.0,0.0,60.3,61.3,34.1,40.3,Medium,None,1,2,3,3,4,1,5,31,6,1,2242.0,0,1,1,46,2023-11-24 20:33:37
DR-00266,2023-10-10 09:37:40,Cushion,0.58,7,5,0.0,0.0,0.0,55.7,63.3,33.9,42.0,Medium,None,2,1,4,4,1,3,3,99,38,0,1750.0,0,0,0,813,
DR-00267,2023-10-11 09:43:50,Heart,0.58,4,8,0.0,0.0,0.0,64.4,61.1,35.7,41.4,Medium,None,4,3,1,4,2,1,3,53,11,1,1100.0,0,0,1,70,2023-12-20 13:59:50
DR-00268,2023-10-11 09:52:40,Pear,0.49,5,3,0.0,0.0,0.0,54.4,59.8,32.1,41.0,Medium,None,1,2,1,2,2,3,2,109,27,0,3943.0,0,0,0,812,
DR-00269,2023-10-11 17:48:58,Radiant,0.86,4,9,0.0,0.0,0.0,59.4,62.6,32.1,41.1,Medium,None,2,2,4,4,2,1,5,92,48,0,1409.0,0,0,1,84,2024-01-03 15:04:58
DR-00270,2023-10-12 10:36:12,Pear,0.45,3,5,0.0,0.0,0.0,60.8,62.6,35.9,40.9,Medium,None,3,2,1,3,1,1,2,38,99,0,2525.0,0,0,1,61,2023-12-12 06:44:12
DR-00271,2023-10-12 18:02:51,Radiant,0.85,6,6,0.0,0.0,0.0,54.8,63.8,35.4,41.5,Medium,None,1,1,4,4,1,1,4,15,16,1,2344.0,0,0,0,810,
DR-00272,2023-10-17 18:58:14,Emerald,0.94,3,5,0.0,0.0,0.0,59.3,60.5,32.2,40.5,Medium,None,1,1,2,2,1,1,2,47,78,0,10074.0,0,0,0,805,
DR-00273,2023-10-18 09:54:28,Princess,0.93,6,5,0.0,0.0,0.0,59.9,62.1,34.6,41.1,Medium,None,2,2,1,2,1,3,2,42,90,0,6625.0,0,0,0,805,
DR-00274,2023-10-19 18:44:05,Asscher,0.55,4,4,0.0,0.0,0.0,56.4,62.7,34.4,41.2,Medium,None,2,4,3,4,4,1,5,81,21,0,2890.0,0,1,0,803,
DR-00275,2023-10-22 18:06:37,Cushion,0.59,7,5,0.0,0.0,0.0,57.6,61.0,33.4,41.3,Medium,None,2,2,1,2,3,3,5,110,43,0,2565.0,0,0,1,102,2024-02-01 19:16:37
DR-00276,2023-10-23 09:17:58,Oval,0.64,4,6,0.0,0.0,0.0,57.9,59.2,32.9,41.2,Medium,None,3,3,3,3,3,1,2,119,58,0,2540.0,0,0,1,48,2023-12-10 08:00:58
DR-00277,2023-10-24 15:45:46,Radiant,0.61,6,4,0.0,0.0,0.0,56.8,63.2,34.1,41.1,Medium,None,2,3,2,3,3,1,3,108,41,1,3171.0,0,0,1,69,2024-01-01 13:54:46
DR-00278,2023-10-25 18:27:49,Oval,0.84,3,4,0.0,0.0,0.0,55.4,62.6,35.6,40.9,Medium,None,2,4,3,4,1,1,3,41,17,0,7095.0,0,0,1,56,2023-12-20 22:19:49
DR-00279,2023-10-26 09:10:58,Marquise,1.04,2,3,0.0,0.0,0.0,63.6,60.9,33.5,40.3,Medium,None,1,3,2,3,4,1,1,77,11,1,16210.0,0,0,0,797,
DR-00280,2023-10-26 13:40:10,Round,1.09,4,5,0.0,0.0,0.0,60.8,59.1,32.4,41.9,Medium,None,1,2,1,2,2,1,4,69,98,0,11642.0,1,0,0,797,
DR-00281,2023-10-26 15:23:13,Asscher,1.38,4,3,0.0,0.0,0.0,61.4,63.9,36.0,41.0,Medium,None,2,1,3,3,1,1,3,42,13,0,20980.0,0,0,0,797,
DR-00282,2023-10-26 15:58:42,Pear,1.05,5,3,0.0,0.0,0.0,64.6,59.1,34.9,41.6,Medium,None,1,2,2,2,1,3,2,44,93,0,13725.0,0,0,1,109,2024-02-12 15:31:42
DR-00283,2023-10-26 17:01:11,Heart,0.95,4,5,0.0,0.0,0.0,61.2,62.2,33.7,40.1,Medium,None,2,2,2,2,3,1,5,110,74,0,9088.0,0,0,0,797,
DR-00284,2023-10-27 09:01:38,Radiant,0.87,9,6,0.0,0.0,0.0,57.3,62.2,32.3,40.2,Medium,None,1,3,2,3,1,3,4,105,40,0,2148.0,0,0,1,82,2024-01-17 09:59:38
DR-00285,2023-10-28 09:12:53,Emerald,0.67,2,9,0.0,0.0,0.0,58.3,59.2,34.2,41.8,Medium,None,2,3,2,3,3,1,2,61,60,1,1523.0,0,0,0,795,
DR-00286,2023-10-28 14:19:07,Asscher,0.91,1,9,0.0,0.0,0.0,60.7,59.7,34.2,41.9,Medium,None,2,3,1,3,2,1,4,28,20,1,2748.0,0,0,1,108,2024-02-13 19:41:07
DR-00287,2023-10-29 12:17:58,Marquise,0.59,4,1,0.0,0.0,0.0,64.7,62.0,33.6,40.0,Medium,None,2,1,4,4,3,2,4,52,43,1,5688.0,0,0,1,18,2023-11-16 09:49:58
DR-00288,2023-10-30 10:21:30,Asscher,0.6,4,3,0.0,0.0,0.0,57.3,62.4,32.9,40.9,Medium,None,2,1,2,2,1,1,1,81,97,1,6359.0,0,0,1,26,2023-11-25 15:39:30
DR-00289,2023-11-03 09:53:46,Heart,0.43,6,5,0.0,0.0,0.0,61.6,59.9,32.7,40.8,Medium,None,4,1,4,4,3,1,2,25,91,1,1195.0,0,0,0,789,
DR-00290,2023-11-04 09:54:14,Heart,1.19,6,3,0.0,0.0,0.0,64.6,63.7,35.3,41.2,Medium,None,2,1,2,2,2,0,1,28,17,0,13813.0,0,0,1,48,2023-12-22 08:17:14
DR-00291,2023-11-05 17:31:06,Emerald,0.45,10,3,0.0,0.0,0.0,63.3,59.4,32.4,41.4,Medium,None,2,4,3,4,2,0,5,33,71,1,897.0,0,0,1,101,2024-02-14 21:00:06
DR-00292,2023-11-06 10:10:26,Marquise,0.42,6,6,0.0,0.0,0.0,61.1,60.3,34.6,41.6,Medium,None,2,4,4,4,2,1,2,77,64,0,742.0,0,0,1,81,2024-01-26 14:26:26
DR-00293,2023-11-06 17:47:30,Round,0.54,2,4,0.0,0.0,0.0,56.1,60.3,32.2,40.2,Medium,None,1,1,2,2,1,1,4,52,48,0,5443.0,0,0,1,109,2024-02-23 13:34:30
DR-00294,2023-11-06 18:13:48,Cushion,0.64,5,2,0.0,0.0,0.0,57.2,60.9,32.1,41.8,Medium,None,2,2,2,2,1,1,1,54,17,0,6582.0,0,0,1,55,2023-12-31 16:05:48
DR-00295,2023-11-07 09:00:27,Asscher,0.83,8,2,0.0,0.0,0.0,58.8,60.2,35.5,41.3,Medium,None,2,3,1,3,3,1,4,43,86,1,6076.0,0,0,1,75,2024-01-21 07:39:27
DR-00296,2023-11-07 17:04:27,Princess,0.64,4,1,0.0,0.0,0.0,61.1,59.4,32.4,40.4,Medium,None,2,3,4,4,1,1,5,100,20,0,6237.0,0,0,1,29,2023-12-06 13:08:27
DR-00297,2023-11-08 10:16:12,Princess,0.58,7,5,0.0,0.0,0.0,62.2,61.6,34.9,40.4,Medium,None,1,4,1,4,2,1,4,93,95,0,1645.0,0,0,0,784,
DR-00298,2023-11-08 10:21:11,Princess,1.48,7,5,0.0,0.0,0.0,57.4,61.0,35.4,40.0,Medium,None,3,2,2,3,2,3,5,65,96,0,10615.0,0,1,1,107,2024-02-23 07:49:11
DR-00299,2023-11-08 17:17:22,Emerald,0.42,5,7,0.0,0.0,0.0,61.0,59.1,34.1,41.3,Medium,None,1,1,1,1,1,1,1,60,8,0,1369.0,0,0,1,75,2024-01-22 13:29:22
DR-00300,2023-11-10 19:00:24,Princess,0.92,2,2,0.0,0.0,0.0,64.6,63.9,32.9,40.7,Medium,None,3,1,2,3,3,1,2,70,9,1,15426.0,0,0,0,781,
DR-00301,2023-11-11 17:53:43,Round,0.69,4,2,0.0,0.0,0.0,56.2,63.8,33.2,40.6,Medium,None,1,2,4,4,1,1,5,90,59,0,5911.0,0,1,1,53,2024-01-03 21:14:43
DR-00302,2023-11-13 15:35:26,Asscher,1.21,3,5,0.0,0.0,0.0,57.0,62.5,33.8,40.7,Medium,None,1,3,4,4,4,3,1,64,61,-1,11012.0,0,0,1,26,2023-12-09 21:12:26
DR-00303,2023-11-19 10:30:55,Cushion,1.75,9,3,0.0,0.0,0.0,56.8,61.7,32.7,40.7,Medium,None,2,2,2,2,3,3,5,87,89,0,18368.0,0,1,1,109,2024-03-07 05:36:55
DR-00304,2023-11-20 10:12:13,Pear,0.74,8,3,0.0,0.0,0.0,58.7,59.4,32.4,40.4,Medium,None,2,2,2,2,2,3,1,72,26,0,5305.0,0,0,0,772,
DR-00305,2023-11-21 09:37:49,Radiant,0.79,7,5,0.0,0.0,0.0,56.8,63.1,34.8,40.7,Medium,None,3,1,1,3,3,1,1,60,48,0,3600.0,0,0,0,771,
DR-00306,2023-11-21 17:12:53,Cushion,2.08,4,6,0.0,0.0,0.0,61.8,63.5,33.2,41.9,Medium,None,4,1,2,4,4,1,3,113,52,1,15488.0,0,0,1,98,2024-02-27 18:55:53
DR-00307,2023-11-22 09:52:33,Round,0.8,7,5,0.0,0.0,0.0,60.8,60.3,32.7,41.0,Medium,None,1,3,2,3,2,2,5,64,28,1,3662.0,0,0,1,146,2024-04-16 13:18:33
DR-00308,2023-11-25 11:13:52,Pear,0.69,3,6,0.0,0.0,0.0,60.3,62.2,33.6,40.7,Medium,None,4,2,3,4,1,1,4,102,54,0,2780.0,0,0,1,47,2024-01-11 14:11:52
DR-00309,2023-11-26 18:12:48,Asscher,1.37,3,6,0.0,0.0,0.0,55.3,60.7,34.3,41.8,Medium,None,1,2,2,2,1,1,1,83,68,1,12751.0,0,0,1,56,2024-01-21 21:04:48
DR-00310,2023-11-27 09:51:08,Round,0.73,6,5,0.0,0.0,0.0,59.3,59.9,32.6,40.7,Medium,None,1,3,1,3,1,1,5,82,22,0,3492.0,0,0,1,77,2024-02-12 11:15:08
DR-00311,2023-11-28 18:47:29,Princess,0.75,5,9,0.0,0.0,0.0,59.6,62.8,32.9,41.8,Medium,None,1,3,1,3,1,3,5,75,74,0,1209.0,0,0,1,71,2024-02-08 00:22:29
DR-00312,2023-11-29 09:47:32,Radiant,0.74,6,5,0.0,0.0,0.0,65.0,62.8,35.7,40.2,Medium,None,4,3,1,4,3,1,5,57,9,0,2734.0,0,0,1,101,2024-03-09 04:54:32
DR-00313,2023-12-02 15:04:21,Asscher,0.5,4,9,0.0,0.0,0.0,55.0,62.4,33.0,41.2,Medium,None,3,2,2,3,3,3,2,77,38,0,684.0,0,0,1,35,2024-01-06 12:15:21
DR-00314,2023-12-04 09:02:25,Radiant,0.94,4,4,0.0,0.0,0.0,60.2,59.1,33.6,40.9,Medium,None,3,1,1,3,3,3,1,19,90,0,9361.0,0,0,1,84,2024-02-26 10:09:25
DR-00315,2023-12-05 09:34:18,Asscher,0.9,2,4,0.0,0.0,0.0,59.0,63.8,34.4,40.8,Medium,None,3,2,3,3,1,3,4,51,48,0,10562.0,0,0,1,39,2024-01-13 13:57:18
DR-00316,2023-12-06 09:15:40,Cushion,0.59,10,2,0.0,0.0,0.0,62.8,60.1,34.2,40.7,Medium,None,3,1,1,3,1,1,4,84,75,1,1976.0,0,0,1,91,2024-03-06 04:32:40
DR-00317,2023-12-06 09:31:45,Heart,0.88,3,6,0.0,0.0,0.0,58.1,59.6,34.9,40.6,Medium,None,2,2,1,2,2,1,1,34,76,1,6184.0,0,0,1,96,2024-03-11 06:42:45
DR-00318,2023-12-06 09:55:40,Princess,0.84,4,4,0.0,0.0,0.0,63.1,59.5,34.6,40.0,Medium,None,4,1,2,4,3,1,2,26,48,0,5708.0,0,0,1,77,2024-02-21 11:10:40
DR-00319,2023-12-06 18:14:50,Heart,0.46,5,2,0.0,0.0,0.0,55.8,60.9,33.9,40.8,Medium,None,4,2,2,4,1,1,4,87,88,1,2622.0,0,0,1,49,2024-01-24 15:39:50
DR-00320,2023-12-07 10:23:58,Asscher,1.36,5,6,0.0,0.0,0.0,55.0,59.5,33.5,40.1,Medium,None,1,2,2,2,3,2,3,49,16,-1,9840.0,0,0,1,45,2024-01-21 12:41:58
DR-00321,2023-12-07 14:38:42,Princess,0.46,5,7,0.0,0.0,0.0,59.0,63.3,33.3,40.1,Medium,None,3,2,2,3,2,0,5,96,62,1,984.0,0,0,1,53,2024-01-29 15:48:42
DR-00322,2023-12-08 09:26:27,Radiant,0.61,2,6,0.0,0.0,0.0,56.4,62.3,33.6,40.1,Medium,None,2,1,1,2,2,1,5,99,32,1,3668.0,0,0,1,76,2024-02-22 11:26:27
DR-00323,2023-12-09 17:25:18,Round,1.08,8,6,0.0,0.0,0.0,56.3,62.2,35.9,41.4,Medium,None,1,2,4,4,2,1,4,25,62,0,3042.0,0,0,0,753,
DR-00324,2023-12-09 18:55:50,Asscher,0.41,4,4,0.0,0.0,0.0,54.9,63.9,33.9,41.0,Medium,None,3,2,3,3,3,1,2,24,5,1,2208.0,0,0,1,62,2024-02-09 14:22:50
DR-00325,2023-12-11 09:49:31,Princess,0.73,1,2,0.0,0.0,0.0,57.0,59.2,35.2,41.2,Medium,None,1,2,3,3,3,1,3,55,98,0,12296.0,0,0,1,7,2023-12-18 08:31:31
DR-00326,2023-12-11 10:50:22,Pear,0.61,7,4,0.0,0.0,0.0,59.3,62.1,33.1,40.2,Medium,None,3,1,1,3,1,1,3,83,67,1,2845.0,0,0,0,751,
DR-00327,2023-12-12 09:16:06,Radiant,0.7,10,3,0.0,0.0,0.0,56.6,63.0,34.4,40.5,Medium,None,2,4,1,4,1,1,5,85,28,0,1933.0,0,0,0,750,
DR-00328,2023-12-12 09:35:08,Marquise,0.34,5,5,0.0,0.0,0.0,57.3,63.2,33.9,41.8,Medium,None,1,2,3,3,2,3,3,96,45,0,1200.0,0,0,0,750,
DR-00329,2023-12-13 10:24:53,Emerald,0.85,2,3,0.0,0.0,0.0,64.6,63.3,32.2,41.6,Medium,None,2,3,1,3,2,1,2,101,77,1,12323.0,0,0,1,4,2023-12-17 07:50:53
DR-00330,2023-12-15 10:53:36,Pear,0.79,4,3,0.0,0.0,0.0,61.2,61.2,34.1,41.9,Medium,None,2,2,2,2,2,3,3,73,27,0,9840.0,0,0,1,73,2024-02-26 10:06:36
DR-00331,2023-12-17 09:00:55,Asscher,0.56,5,3,0.0,0.0,0.0,64.8,59.8,32.1,41.2,Medium,None,3,3,2,3,1,1,2,70,16,0,4065.0,0,0,1,89,2024-03-15 12:21:55
DR-00332,2023-12-22 10:45:41,Cushion,0.73,3,6,0.0,0.0,0.0,55.2,63.3,32.0,40.0,Medium,None,3,2,3,3,1,1,3,84,53,0,3720.0,0,0,1,62,2024-02-22 11:25:41
DR-00333,2023-12-23 10:54:16,Round,0.38,4,5,0.0,0.0,0.0,63.5,62.7,32.7,41.3,Medium,None,1,1,2,2,4,1,3,82,26,1,1914.0,0,0,1,68,2024-02-29 08:42:16
DR-00334,2023-12-23 17:41:58,Round,0.55,7,4,0.0,0.0,0.0,63.5,63.4,34.7,41.4,Medium,None,2,2,2,2,3,1,3,45,70,1,2816.0,0,0,1,69,2024-03-01 19:00:58
DR-00335,2023-12-23 19:08:16,Heart,0.74,6,5,0.0,0.0,0.0,64.7,61.1,32.5,41.8,Medium,None,3,3,1,3,1,1,1,54,35,1,3766.0,0,0,1,80,2024-03-12 16:32:16
DR-00336,2023-12-24 17:28:20,Round,0.43,5,4,0.0,0.0,0.0,55.9,59.5,33.1,41.4,Medium,None,4,1,1,4,1,2,3,62,47,-1,1589.0,0,0,0,738,
DR-00337,2023-12-26 17:10:24,Asscher,1.19,4,1,0.0,0.0,0.0,60.7,62.9,33.8,40.3,Medium,None,2,2,2,2,3,0,2,80,92,1,26970.0,1,0,1,23,2024-01-18 14:33:24
DR-00338,2023-12-27 12:08:50,Asscher,0.5,4,5,0.0,0.0,0.0,61.4,61.9,32.7,41.2,Medium,None,2,2,2,2,4,0,2,48,9,-1,3042.0,0,0,1,112,2024-04-17 14:55:50
DR-00339,2023-12-28 11:33:32,Round,0.71,7,5,0.0,0.0,0.0,62.9,60.8,32.4,41.2,Medium,None,1,2,1,2,2,1,2,88,40,-1,3520.0,0,0,0,734,
DR-00340,2023-12-29 18:12:55,Oval,0.92,9,3,0.0,0.0,0.0,63.4,63.3,35.9,41.1,Medium,None,3,2,2,3,1,1,1,29,61,1,5337.0,0,0,1,53,2024-02-20 18:20:55
DR-00341,2023-12-31 09:50:02,Radiant,0.67,8,5,0.0,0.0,0.0,60.6,60.3,32.3,41.5,Medium,None,2,2,1,2,1,1,4,62,21,0,3002.0,0,0,0,731,
DR-00342,2023-12-31 10:06:46,Radiant,0.66,1,7,0.0,0.0,0.0,63.3,60.8,32.1,40.5,Medium,None,2,2,3,3,1,1,4,47,84,0,3155.0,0,0,0,731,
DR-00343,2024-01-01 10:15:16,Princess,0.66,2,5,0.0,0.0,0.0,61.2,61.8,34.2,41.3,Medium,None,3,2,1,3,1,3,5,83,20,-1,5275.0,0,0,0,730,
DR-00344,2024-01-01 11:08:36,Princess,0.69,3,7,0.0,0.0,0.0,54.8,61.6,32.4,41.4,Medium,None,4,2,1,4,3,1,2,39,17,0,2248.0,0,0,1,80,2024-03-21 06:17:36
DR-00345,2024-01-02 09:10:58,Oval,1.32,5,1,0.0,0.0,0.0,58.1,59.8,34.0,41.5,Medium,None,2,1,2,2,1,1,2,30,25,1,27641.0,0,0,1,55,2024-02-26 13:35:58
DR-00346,2024-01-03 10:58:17,Princess,0.46,4,9,0.0,0.0,0.0,63.6,59.3,34.5,40.1,Medium,None,1,4,3,4,2,3,1,72,20,1,500.0,0,0,1,132,2024-05-14 08:07:17
DR-00347,2024-01-04 10:35:19,Pear,0.59,6,2,0.0,0.0,0.0,63.8,61.9,33.7,40.3,Medium,None,2,2,3,3,1,3,2,69,40,0,4038.0,0,0,1,21,2024-01-25 07:13:19
DR-00348,2024-01-07 10:38:48,Princess,1.52,1,7,0.0,0.0,0.0,55.3,59.6,34.2,40.9,Medium,None,2,1,2,2,1,3,1,63,54,0,15699.0,0,0,1,50,2024-02-26 06:15:48
DR-00349,2024-01-08 09:16:58,Princess,0.95,3,8,0.0,0.0,0.0,60.1,60.3,33.4,41.3,Medium,None,1,3,2,3,2,1,3,47,12,0,3519.0,0,0,0,723,
DR-00350,2024-01-08 10:01:28,Princess,1.38,2,5,0.0,0.0,0.0,64.6,59.5,35.7,40.3,Medium,None,2,1,2,2,2,1,3,22,77,0,21298.0,1,0,1,62,2024-03-10 11:27:28
DR-00351,2024-01-10 10:02:53,Princess,0.59,6,3,0.0,0.0,0.0,62.0,60.8,35.2,40.5,Medium,None,2,2,4,4,2,1,3,72,40,1,2900.0,0,0,1,83,2024-04-02 07:26:53
DR-00352,2024-01-11 19:41:21,Oval,0.45,7,3,0.0,0.0,0.0,60.2,59.3,33.2,41.0,Medium,None,2,3,4,4,4,1,4,50,96,0,1707.0,0,0,1,120,2024-05-10 14:41:21
DR-00353,2024-01-12 10:06:45,Radiant,0.63,9,4,0.0,0.0,0.0,64.4,62.3,34.6,41.0,Medium,None,4,2,1,4,3,1,2,101,84,1,1887.0,0,0,1,92,2024-04-13 14:58:45
DR-00354,2024-01-12 12:55:18,Emerald,1.32,4,5,0.0,0.0,0.0,59.5,60.4,32.4,41.3,Medium,None,1,3,2,3,1,1,2,54,49,0,12865.0,0,0,1,12,2024-01-24 12:52:18
DR-00355,2024-01-12 17:28:11,Round,0.34,6,5,0.0,0.0,0.0,59.5,63.5,33.8,40.1,Medium,None,2,2,2,2,3,3,4,49,50,1,1157.0,0,0,0,719,
DR-00356,2024-01-13 19:47:02,Radiant,1.08,3,3,0.0,0.0,0.0,63.4,60.4,33.0,41.4,Medium,None,1,1,1,1,3,1,1,40,34,0,23114.0,1,0,1,19,2024-02-01 17:05:02
DR-00357,2024-01-14 12:23:40,Cushion,0.94,5,7,0.0,0.0,0.0,54.2,62.7,32.8,40.6,Medium,None,2,2,2,2,2,1,1,98,92,0,4070.0,0,0,1,25,2024-02-08 15:38:40
DR-00358,2024-01-14 18:42:48,Marquise,1.28,7,5,0.0,0.0,0.0,61.7,63.7,35.5,42.0,Medium,None,2,2,2,2,1,1,3,29,41,0,10266.0,0,0,1,125,2024-05-18 17:18:48
DR-00359,2024-01-15 10:28:15,Oval,0.35,5,5,0.0,0.0,0.0,58.5,61.0,33.7,42.0,Medium,None,1,2,3,3,1,1,1,46,67,1,1180.0,0,0,1,46,2024-03-01 15:47:15
DR-00360,2024-01-18 09:29:49,Round,0.49,4,5,0.0,0.0,0.0,64.4,62.4,34.9,40.7,Medium,None,1,2,2,2,2,1,5,86,52,1,2892.0,0,0,1,66,2024-03-24 08:06:49
DR-00361,2024-01-18 18:25:37,Radiant,0.58,10,7,0.0,0.0,0.0,54.9,60.0,33.3,40.6,Medium,None,3,1,4,4,1,1,5,65,64,1,500.0,0,0,0,712,
DR-00362,2024-01-21 18:52:06,Cushion,0.69,6,8,0.0,0.0,0.0,56.6,61.3,33.9,40.2,Medium,None,1,3,2,3,2,1,2,60,46,-1,1217.0,0,0,0,709,
DR-00363,2024-01-24 10:51:48,Marquise,1.31,5,1,0.0,0.0,0.0,63.2,62.3,34.3,40.4,Medium,None,2,3,2,3,1,1,4,48,59,0,23449.0,0,0,0,707,
DR-00364,2024-01-24 13:55:42,Emerald,0.4,4,8,0.0,0.0,0.0,54.7,63.3,34.0,41.1,Medium,None,1,2,3,3,2,1,4,58,58,-1,684.0,0,0,1,50,2024-03-14 12:14:42
DR-00365,2024-01-25 10:23:08,Round,0.52,1,3,0.0,0.0,0.0,63.0,62.1,35.2,41.3,Medium,None,1,1,1,1,1,2,3,60,86,0,8798.0,0,0,1,9,2024-02-03 07:20:08
DR-00366,2024-01-27 10:17:30,Asscher,0.94,2,10,0.0,0.0,0.0,64.9,63.7,32.9,40.4,Medium,None,1,4,1,4,1,1,4,117,76,0,1010.0,0,0,1,79,2024-04-15 12:26:30
DR-00367,2024-01-27 17:26:00,Asscher,0.82,5,4,0.0,0.0,0.0,64.4,62.2,33.5,41.8,Medium,None,4,2,2,4,3,1,3,106,69,0,5004.0,0,0,0,704,
DR-00368,2024-01-29 10:32:50,Oval,0.76,5,3,0.0,0.0,0.0,56.9,60.5,34.6,41.7,Medium,None,2,1,1,2,1,1,4,89,51,-1,7593.0,0,0,1,60,2024-03-29 14:21:50
DR-00369,2024-01-30 15:44:55,Marquise,0.85,4,5,0.0,0.0,0.0,59.1,61.3,33.6,41.3,Medium,None,2,2,2,2,1,1,3,28,87,0,7942.0,0,0,1,92,2024-05-01 19:27:55
DR-00370,2024-02-03 11:44:56,Oval,0.53,3,5,0.0,0.0,0.0,59.8,63.6,34.0,41.8,Medium,None,2,1,1,2,1,3,3,66,32,0,3862.0,0,0,1,34,2024-03-08 12:24:56
DR-00371,2024-02-03 12:06:56,Cushion,0.62,7,4,0.0,0.0,0.0,63.3,60.1,35.1,41.4,Medium,None,2,3,2,3,3,1,2,28,57,0,2972.0,0,0,0,697,
DR-00372,2024-02-03 15:54:02,Marquise,0.76,1,3,0.0,0.0,0.0,60.7,63.1,32.1,41.8,Medium,None,2,3,1,3,3,3,2,84,63,1,10606.0,0,0,1,76,2024-04-19 21:06:02
DR-00373,2024-02-03 18:07:27,Oval,0.51,3,3,0.0,0.0,0.0,55.1,60.6,35.4,40.0,Medium,None,1,1,2,2,4,1,1,75,75,0,5237.0,0,0,1,24,2024-02-27 22:19:27
DR-00374,2024-02-08 10:23:43,Emerald,0.45,2,7,0.0,0.0,0.0,59.0,61.2,33.5,40.1,Medium,None,2,1,2,2,2,3,5,79,26,0,1812.0,0,0,0,692,
DR-00375,2024-02-08 18:48:46,Pear,0.9,9,10,0.0,0.0,0.0,60.3,59.5,35.2,40.9,Medium,None,2,2,3,3,2,3,5,83,75,0,500.0,0,0,1,176,2024-08-02 19:02:46
DR-00376,2024-02-08 18:53:14,Round,0.87,3,4,0.0,0.0,0.0,59.8,60.8,35.9,41.6,Medium,None,1,3,3,3,3,3,2,28,94,0,8726.0,0,0,1,1,2024-02-09 19:59:14
DR-00377,2024-02-09 09:56:02,Oval,0.94,7,5,0.0,0.0,0.0,54.0,62.7,33.5,41.8,Medium,None,2,1,1,2,4,1,3,20,92,1,5700.0,0,0,1,100,2024-05-19 10:27:02
DR-00378,2024-02-10 18:07:05,Asscher,0.65,1,8,0.0,0.0,0.0,62.8,60.0,34.5,41.5,Medium,None,3,1,3,3,3,1,4,117,39,1,2268.0,0,0,1,33,2024-03-14 17:28:05
DR-00379,2024-02-10 18:12:48,Round,0.72,2,6,0.0,0.0,0.0,61.0,60.6,33.1,41.4,Medium,None,2,2,4,4,1,3,3,107,63,1,3212.0,0,0,0,689,
DR-00380,2024-02-15 19:20:12,Radiant,0.45,5,3,0.0,0.0,0.0,55.9,62.2,35.7,41.2,Medium,None,2,3,1,3,4,1,2,84,50,1,2591.0,0,0,1,105,2024-05-30 20:53:12
DR-00381,2024-02-16 10:12:18,Radiant,1.75,4,1,0.0,0.0,0.0,58.8,61.4,34.0,41.8,Medium,None,2,2,4,4,1,1,5,60,72,-1,33452.0,0,0,1,19,2024-03-06 08:29:18
DR-00382,2024-02-16 18:07:51,Emerald,1.26,9,6,0.0,0.0,0.0,57.2,62.4,34.2,40.5,Medium,None,2,2,1,2,1,1,1,43,8,0,4895.0,0,0,1,117,2024-06-12 23:37:51
DR-00383,2024-02-17 18:54:29,Princess,1.07,5,4,0.0,0.0,0.0,54.8,62.5,32.8,41.6,Medium,None,3,1,3,3,2,3,2,41,48,0,9247.0,0,0,1,31,2024-03-20 00:02:29
DR-00384,2024-02-19 10:32:31,Princess,0.89,6,5,0.0,0.0,0.0,60.0,60.9,35.0,40.2,Medium,None,3,2,3,3,1,1,1,35,75,0,5154.0,0,0,1,81,2024-05-10 15:53:31
DR-00385,2024-02-22 17:23:32,Pear,0.49,6,5,0.0,0.0,0.0,55.8,61.7,34.4,41.6,Medium,None,1,2,2,2,1,1,5,92,22,0,2198.0,0,1,0,678,
DR-00386,2024-02-23 18:44:01,Round,0.96,2,6,0.0,0.0,0.0,63.5,61.8,35.5,40.3,Medium,None,1,2,1,2,1,1,2,15,98,1,8397.0,0,0,0,676,
DR-00387,2024-02-25 10:43:43,Cushion,0.89,7,9,0.0,0.0,0.0,54.9,60.4,35.8,41.2,Medium,None,3,3,1,3,2,1,4,108,31,0,1152.0,0,0,0,675,
DR-00388,2024-02-25 14:30:46,Asscher,1.05,3,4,0.0,0.0,0.0,62.2,64.0,35.5,40.7,Medium,None,1,2,2,2,2,1,5,80,18,0,14346.0,1,0,0,675,
DR-00389,2024-02-25 17:38:31,Princess,0.62,9,4,0.0,0.0,0.0,61.0,62.5,33.0,41.4,Medium,None,1,1,2,2,3,1,5,72,97,1,2554.0,0,0,1,57,2024-04-22 18:39:31
DR-00390,2024-02-26 17:58:34,Round,1.07,3,2,0.0,0.0,0.0,59.8,59.0,36.0,40.9,Medium,None,2,2,1,2,1,3,2,82,64,0,20735.0,1,0,1,76,2024-05-12 15:49:34
DR-00391,2024-02-27 13:57:16,Oval,0.58,4,3,0.0,0.0,0.0,54.1,61.9,32.9,41.3,Medium,None,4,3,1,4,3,1,4,62,50,0,4049.0,0,0,1,61,2024-04-28 14:20:16
DR-00392,2024-02-28 10:13:39,Round,0.7,2,4,0.0,0.0,0.0,64.5,60.5,33.9,41.4,Medium,None,1,1,1,1,2,1,2,24,38,0,10800.0,0,0,1,44,2024-04-12 10:33:39
DR-00393,2024-03-01 18:20:53,Cushion,1.44,6,4,0.0,0.0,0.0,59.5,60.7,35.7,40.0,Medium,None,1,1,4,4,4,1,3,19,50,0,10970.0,0,0,0,669,
DR-00394,2024-03-02 09:47:09,Cushion,0.54,1,4,0.0,0.0,0.0,63.2,60.9,33.0,40.7,Medium,None,1,2,3,3,1,2,4,84,82,0,5060.0,0,0,1,1,2024-03-03 13:28:09
DR-00395,2024-03-02 17:27:35,Oval,1.09,4,6,0.0,0.0,0.0,59.4,61.3,33.4,41.4,Medium,None,2,1,2,2,4,1,5,99,43,0,7419.0,0,0,1,52,2024-04-23 22:49:35
DR-00396,2024-03-04 10:36:51,Round,1.15,1,4,0.0,0.0,0.0,63.6,59.1,34.9,41.3,Medium,None,1,4,1,4,1,1,4,30,7,0,15121.0,0,0,1,81,2024-05-24 11:59:51
DR-00397,2024-03-05 09:51:03,Cushion,1.92,1,5,0.0,0.0,0.0,54.7,62.6,35.3,41.2,Medium,None,3,1,1,3,3,1,1,42,51,1,37157.0,0,0,1,25,2024-03-30 06:11:03
DR-00398,2024-03-05 09:56:25,Emerald,0.57,4,3,0.0,0.0,0.0,63.9,62.2,35.1,40.3,Medium,None,4,4,2,4,1,1,5,119,26,0,3804.0,0,1,0,666,
DR-00399,2024-03-06 10:22:23,Oval,0.67,7,3,0.0,0.0,0.0,60.5,61.0,34.5,41.4,Medium,None,3,1,1,3,2,2,2,100,62,-1,4190.0,0,0,0,665,
DR-00400,2024-03-06 17:45:17,Cushion,1.22,5,2,0.0,0.0,0.0,62.9,61.3,32.9,40.4,Medium,None,3,2,2,3,3,1,5,87,16,1,16288.0,0,0,1,82,2024-05-27 14:41:17
DR-00401,2024-03-08 17:44:36,Oval,0.91,2,3,0.0,0.0,0.0,64.3,61.2,32.0,40.4,Medium,None,2,2,3,3,1,1,1,68,17,0,13947.0,0,0,1,61,2024-05-08 21:04:36
DR-00402,2024-03-08 18:49:56,Marquise,0.81,3,4,0.0,0.0,0.0,58.0,60.2,35.8,41.9,Medium,None,2,2,2,2,3,1,1,43,70,0,9618.0,0,0,1,19,2024-03-27 15:52:56
DR-00403,2024-03-10 09:08:09,Asscher,1.34,2,4,0.0,0.0,0.0,61.9,60.0,32.8,40.9,Medium,None,4,1,3,4,1,1,3,56,87,0,16943.0,0,0,0,661,
DR-00404,2024-03-10 09:09:13,Round,0.43,6,6,0.0,0.0,0.0,57.2,59.9,33.1,40.3,Medium,None,3,1,2,3,1,1,4,115,33,-1,956.0,0,0,1,10,2024-03-20 05:39:13
DR-00405,2024-03-12 09:11:28,Oval,0.99,7,9,0.0,0.0,0.0,55.9,60.7,35.1,40.4,Medium,None,2,3,1,3,3,3,4,101,6,1,1380.0,0,0,1,29,2024-04-10 06:38:28
DR-00406,2024-03-12 11:58:15,Round,1.34,5,3,0.0,0.0,0.0,64.1,61.4,32.4,40.5,Medium,None,3,2,2,3,3,1,3,36,18,1,17080.0,0,0,1,66,2024-05-17 10:19:15
DR-00407,2024-03-15 11:04:52,Round,0.94,5,7,0.0,0.0,0.0,59.6,60.7,35.1,41.3,Medium,None,2,4,3,4,2,1,5,77,43,0,2629.0,0,1,0,656,
DR-00408,2024-03-18 09:22:25,Emerald,0.89,2,6,0.0,0.0,0.0,57.7,61.8,32.4,41.9,Medium,None,4,2,2,4,1,1,4,110,62,0,4565.0,0,0,1,34,2024-04-21 05:42:25
DR-00409,2024-03-18 17:01:10,Asscher,1.04,1,5,0.0,0.0,0.0,62.4,62.0,35.6,41.5,Medium,None,2,2,1,2,1,1,3,36,78,-1,16031.0,1,0,1,12,2024-03-30 12:26:10
DR-00410,2024-03-19 17:11:35,Oval,0.75,4,3,0.0,0.0,0.0,58.6,62.6,33.6,40.9,Medium,None,4,2,1,4,1,1,1,18,64,1,6329.0,0,1,1,156,2024-08-22 21:20:35
DR-00411,2024-03-20 15:59:19,Heart,0.76,6,3,0.0,0.0,0.0,63.6,62.6,33.1,40.5,Medium,None,1,3,3,3,1,0,4,32,33,0,5736.0,0,0,1,94,2024-06-22 17:09:19
DR-00412,2024-03-20 18:05:35,Marquise,0.78,5,6,0.0,0.0,0.0,56.8,62.0,33.6,40.8,Medium,None,3,2,3,3,2,3,3,65,47,-1,3252.0,0,0,1,57,2024-05-16 21:05:35
DR-00413,2024-03-20 18:14:15,Marquise,0.59,4,5,0.0,0.0,0.0,64.0,61.4,36.0,41.1,Medium,None,4,2,2,4,2,1,1,68,57,1,2758.0,0,0,0,650,
DR-00414,2024-03-21 09:00:31,Pear,0.59,4,6,0.0,0.0,0.0,56.1,59.3,35.2,41.0,Medium,None,2,4,2,4,4,1,3,110,61,0,1871.0,0,0,1,32,2024-04-22 11:13:31
DR-00415,2024-03-22 09:18:13,Marquise,0.4,1,2,0.0,0.0,0.0,59.2,62.1,32.9,41.7,Medium,None,1,4,2,4,2,3,5,83,27,-1,3390.0,0,0,1,29,2024-04-20 12:01:13
DR-00416,2024-03-22 15:05:47,Round,0.59,3,7,0.0,0.0,0.0,57.2,61.0,34.1,41.4,Medium,None,1,3,1,3,2,1,5,89,47,0,2143.0,0,1,1,19,2024-04-10 18:30:47
DR-00417,2024-03-22 15:51:26,Princess,1.33,7,7,0.0,0.0,0.0,63.0,63.4,34.6,41.5,Medium,None,3,1,1,3,1,1,5,44,17,0,4813.0,0,0,1,99,2024-06-29 15:36:26
DR-00418,2024-03-22 18:54:31,Pear,0.68,8,3,0.0,0.0,0.0,61.9,61.2,35.0,41.6,Medium,None,3,1,4,4,1,1,1,75,28,-1,2782.0,0,0,1,102,2024-07-02 18:06:31
DR-00419,2024-03-23 12:42:39,Pear,0.55,4,8,0.0,0.0,0.0,56.2,61.3,34.3,40.3,Medium,None,1,2,2,2,1,1,3,79,51,0,1433.0,0,0,0,648,
DR-00420,2024-03-23 12:51:53,Round,0.64,7,5,0.0,0.0,0.0,54.3,62.4,34.4,40.9,Medium,None,2,4,1,4,4,1,1,45,87,-1,1922.0,0,0,1,40,2024-05-02 15:18:53
DR-00421,2024-03-25 10:30:28,Oval,0.63,10,3,0.0,0.0,0.0,55.1,63.7,35.6,41.8,Medium,None,3,1,2,3,2,3,2,74,15,0,2064.0,0,0,0,646,
DR-00422,2024-03-25 14:54:52,Marquise,0.31,5,5,0.0,0.0,0.0,61.6,61.0,32.8,41.3,Medium,None,2,2,2,2,2,1,3,49,36,0,1169.0,0,0,1,89,2024-06-22 18:05:52
DR-00423,2024-03-26 09:37:08,Round,1.29,5,3,0.0,0.0,0.0,61.9,59.8,32.1,41.6,Medium,None,2,1,4,4,2,1,2,48,22,0,12761.0,0,0,1,52,2024-05-17 08:34:08
DR-00424,2024-03-26 10:17:34,Round,0.53,4,1,0.0,0.0,0.0,62.9,62.3,32.2,41.2,Medium,None,1,2,2,2,1,1,4,39,86,1,7140.0,0,0,1,70,2024-06-04 10:33:34
DR-00425,2024-03-27 09:00:02,Heart,0.64,7,5,0.0,0.0,0.0,63.6,61.6,35.8,41.4,Medium,None,2,1,1,2,4,1,4,54,24,0,2997.0,0,0,1,108,2024-07-13 12:18:02
DR-00426,2024-03-28 13:09:28,Marquise,0.54,1,5,0.0,0.0,0.0,55.5,59.6,33.9,40.7,Medium,None,2,2,1,2,2,0,5,97,56,0,4852.0,0,0,1,87,2024-06-23 10:28:28
DR-00427,2024-03-28 17:14:19,Emerald,0.66,2,5,0.0,0.0,0.0,63.2,62.3,33.8,40.4,Medium,None,2,1,2,2,2,1,2,77,85,0,6490.0,0,0,1,1,2024-03-29 13:00:19
DR-00428,2024-03-30 09:04:52,Radiant,0.71,4,4,0.0,0.0,0.0,63.1,60.8,36.0,40.5,Medium,None,1,4,3,4,1,1,2,72,33,-1,4393.0,0,0,1,104,2024-07-12 04:34:52
DR-00429,2024-03-31 18:54:31,Oval,0.78,3,4,0.0,0.0,0.0,64.6,63.1,35.9,40.6,Medium,None,3,2,2,3,2,3,5,48,80,-1,7817.0,0,0,0,639,
DR-00430,2024-04-02 09:53:59,Emerald,0.33,5,3,0.0,0.0,0.0,55.1,59.7,34.6,41.6,Medium,None,1,2,1,2,1,1,5,114,59,-1,1854.0,0,1,0,638,
DR-00431,2024-04-06 09:49:16,Cushion,0.74,5,4,0.0,0.0,0.0,64.5,60.9,34.2,40.0,Medium,None,2,2,2,2,4,1,1,58,55,1,6502.0,0,0,1,67,2024-06-12 07:29:16
DR-00432,2024-04-06 17:32:53,Oval,1.14,8,5,0.0,0.0,0.0,57.4,63.9,35.5,41.2,Medium,None,2,1,1,2,1,1,4,50,46,0,7166.0,0,0,0,634,
DR-00433,2024-04-07 18:46:56,Heart,0.81,4,5,0.0,0.0,0.0,63.8,59.1,32.7,40.4,Medium,None,3,2,2,3,1,0,5,73,57,0,6140.0,0,0,1,74,2024-06-21 00:37:56
DR-00434,2024-04-08 09:12:23,Marquise,0.79,6,7,0.0,0.0,0.0,63.1,61.5,32.7,41.7,Medium,None,1,2,1,2,1,1,4,116,69,0,2531.0,0,0,1,11,2024-04-19 15:05:23
DR-00435,2024-04-10 18:00:27,Cushion,1.16,4,5,0.0,0.0,0.0,60.3,62.7,34.6,40.3,Medium,None,2,2,1,2,1,3,3,96,53,0,12869.0,1,0,1,32,2024-05-12 16:59:27
DR-00436,2024-04-12 19:50:50,Oval,0.87,4,4,0.0,0.0,0.0,64.0,63.7,34.4,41.2,Medium,None,2,3,2,3,3,1,2,72,39,0,8332.0,0,0,1,48,2024-05-31 01:43:50
DR-00437,2024-04-13 14:05:18,Marquise,0.53,6,4,0.0,0.0,0.0,61.2,59.6,35.8,41.8,Medium,None,3,4,1,4,3,1,5,15,49,0,1961.0,0,0,1,36,2024-05-19 09:53:18
DR-00438,2024-04-14 09:45:47,Princess,1.14,3,2,0.0,0.0,0.0,55.8,62.1,34.0,41.0,Medium,None,2,2,2,2,4,1,4,49,44,0,24275.0,1,0,1,19,2024-05-03 08:45:47
DR-00439,2024-04-15 10:32:29,Princess,0.88,4,2,0.0,0.0,0.0,62.9,61.2,33.6,42.0,Medium,None,1,1,1,1,1,1,4,66,83,1,16249.0,0,0,0,625,
DR-00440,2024-04-15 12:35:38,Radiant,0.6,4,4,0.0,0.0,0.0,55.3,62.3,33.9,41.8,Medium,None,2,1,2,2,3,1,4,74,82,0,4840.0,0,0,0,625,
DR-00441,2024-04-16 09:49:15,Heart,0.54,5,6,0.0,0.0,0.0,58.0,59.9,34.6,40.0,Medium,None,1,2,1,2,1,1,5,114,20,0,2015.0,0,0,0,624,
DR-00442,2024-04-16 17:40:44,Oval,0.79,2,4,0.0,0.0,0.0,54.4,61.7,35.2,41.3,Medium,None,2,2,2,2,1,3,2,73,68,0,10604.0,0,0,0,624,
DR-00443,2024-04-18 09:54:27,Heart,1.05,4,6,0.0,0.0,0.0,63.8,62.6,33.9,40.7,Medium,None,3,2,1,3,3,0,1,66,21,0,5997.0,0,0,0,622,
DR-00444,2024-04-23 13:08:02,Radiant,1.08,9,4,0.0,0.0,0.0,64.2,59.8,34.9,40.5,Medium,None,2,1,1,2,2,1,2,84,52,1,6645.0,0,0,1,90,2024-07-22 11:38:02
DR-00445,2024-04-24 17:39:44,Pear,1.48,7,7,0.0,0.0,0.0,60.4,59.4,32.4,40.5,Medium,None,2,3,3,3,3,0,1,21,75,0,5369.0,0,0,1,61,2024-06-24 13:22:44
DR-00446,2024-04-29 10:47:38,Cushion,0.92,4,7,0.0,0.0,0.0,54.4,59.1,32.7,40.9,Medium,None,3,2,3,3,1,1,2,59,95,0,3787.0,0,0,0,611,
DR-00447,2024-05-02 16:27:22,Round,0.5,7,7,0.0,0.0,0.0,58.1,61.9,32.0,42.0,Medium,None,2,1,1,2,1,3,3,28,74,1,1063.0,0,0,1,103,2024-08-13 21:21:22
DR-00448,2024-05-02 18:01:21,Marquise,0.77,4,2,0.0,0.0,0.0,55.3,63.3,32.3,40.1,Medium,None,3,3,1,3,1,3,2,32,72,0,8706.0,0,0,1,43,2024-06-14 15:43:21
DR-00449,2024-05-03 09:26:31,Radiant,0.99,3,8,0.0,0.0,0.0,54.2,60.3,35.9,41.7,Medium,None,2,2,1,2,1,1,5,63,80,1,4610.0,0,0,1,81,2024-07-23 08:54:31
DR-00450,2024-05-03 11:06:35,Cushion,0.98,5,7,0.0,0.0,0.0,64.8,60.9,33.0,40.4,Medium,None,1,2,2,2,2,1,4,51,90,0,4655.0,0,0,1,42,2024-06-14 15:17:35
DR-00451,2024-05-04 18:25:22,Oval,0.62,8,5,0.0,0.0,0.0,63.4,59.2,35.4,41.3,Medium,None,1,2,3,3,2,1,1,113,48,0,2188.0,0,0,1,82,2024-07-25 22:02:22
DR-00452,2024-05-05 18:03:58,Round,0.96,9,6,0.0,0.0,0.0,58.8,59.7,35.6,41.1,Medium,None,3,1,2,3,1,3,5,98,14,0,2540.0,0,0,1,42,2024-06-16 21:49:58
DR-00453,2024-05-07 09:12:01,Princess,1.12,5,6,0.0,0.0,0.0,62.7,59.3,33.1,41.8,Medium,None,1,3,4,4,2,1,2,34,87,0,4552.0,0,0,1,72,2024-07-18 08:22:01
DR-00454,2024-05-07 09:55:24,Marquise,1.07,1,3,0.0,0.0,0.0,58.7,62.3,35.3,40.6,Medium,None,4,2,3,4,2,1,3,115,81,1,15085.0,0,0,1,93,2024-08-08 14:51:24
DR-00455,2024-05-07 18:25:02,Heart,0.85,4,4,0.0,0.0,0.0,63.9,62.5,34.9,41.4,Medium,None,2,3,1,3,1,1,5,75,98,1,7306.0,0,0,1,81,2024-07-27 23:22:02
DR-00456,2024-05-08 10:42:58,Pear,0.6,7,2,0.0,0.0,0.0,54.3,60.2,32.6,41.6,Medium,None,1,1,1,1,4,1,5,32,78,0,5481.0,0,1,0,602,
DR-00457,2024-05-09 19:46:33,Asscher,0.44,6,7,0.0,0.0,0.0,62.1,60.3,35.0,40.9,Medium,None,2,1,3,3,1,1,4,73,87,0,831.0,0,0,0,600,
DR-00458,2024-05-11 17:06:03,Cushion,1.13,1,7,0.0,0.0,0.0,62.3,63.4,34.6,41.1,Medium,None,1,2,1,2,1,3,3,53,90,1,9261.0,0,0,1,70,2024-07-20 13:31:03
DR-00459,2024-05-13 09:16:49,Asscher,1.07,4,3,0.0,0.0,0.0,57.7,61.3,34.0,40.8,Medium,None,2,1,4,4,3,1,3,109,99,0,10628.0,0,0,1,49,2024-07-01 13:20:49
DR-00460,2024-05-14 18:18:35,Marquise,0.72,4,5,0.0,0.0,0.0,62.9,59.9,34.6,40.6,Medium,None,3,2,2,3,1,1,4,112,85,0,4955.0,0,0,1,90,2024-08-12 21:47:35
DR-00461,2024-05-16 09:24:32,Princess,0.54,4,2,0.0,0.0,0.0,58.8,61.6,35.2,40.1,Medium,None,2,1,1,2,1,2,5,112,49,0,5761.0,0,1,1,35,2024-06-20 09:14:32
DR-00462,2024-05-17 16:44:32,Asscher,0.73,5,8,0.0,0.0,0.0,62.1,61.5,34.8,41.7,Medium,None,2,2,2,2,2,0,1,16,22,0,1970.0,0,0,1,104,2024-08-29 12:49:32
DR-00463,2024-05-20 13:15:15,Marquise,1.16,5,5,0.0,0.0,0.0,58.7,63.9,34.4,40.3,Medium,None,1,1,3,3,2,1,5,112,53,0,9142.0,0,0,1,72,2024-07-31 09:31:15
DR-00464,2024-05-20 17:07:39,Emerald,1.07,5,6,0.0,0.0,0.0,55.5,62.4,34.3,41.8,Medium,None,3,2,1,3,1,2,2,42,61,0,5389.0,0,0,0,590,
DR-00465,2024-05-21 10:08:47,Oval,0.94,7,5,0.0,0.0,0.0,63.1,60.3,33.0,40.4,Medium,None,1,2,4,4,4,3,5,26,22,0,3957.0,0,0,1,40,2024-06-30 07:45:47
DR-00466,2024-05-21 10:46:30,Round,1.09,3,9,0.0,0.0,0.0,61.8,61.4,35.0,40.8,Medium,None,3,3,2,3,1,1,5,16,73,1,2911.0,0,0,0,589,
DR-00467,2024-05-21 18:00:41,Radiant,0.81,2,3,0.0,0.0,0.0,59.8,59.6,32.6,41.8,Medium,None,1,1,2,2,3,1,5,36,45,1,13525.0,0,0,1,1,2024-05-22 13:31:41
DR-00468,2024-05-23 17:35:26,Marquise,0.71,4,5,0.0,0.0,0.0,57.5,61.8,32.9,40.9,Medium,None,4,2,3,4,1,1,5,28,61,-1,3893.0,0,0,1,75,2024-08-06 12:41:26
DR-00469,2024-05-23 18:23:58,Round,0.42,7,8,0.0,0.0,0.0,54.2,60.7,34.9,41.3,Medium,None,2,3,2,3,1,1,2,30,14,0,500.0,0,0,0,586,
DR-00470,2024-05-27 12:02:49,Oval,0.48,4,4,0.0,0.0,0.0,61.3,62.3,35.4,41.0,Medium,None,4,2,2,4,1,3,3,61,51,1,2358.0,0,0,0,583,
DR-00471,2024-05-28 10:29:56,Cushion,0.74,9,1,0.0,0.0,0.0,57.3,62.3,32.3,41.0,Medium,None,3,1,1,3,1,1,1,57,9,1,5218.0,0,0,0,582,
DR-00472,2024-05-28 14:02:00,Asscher,0.72,6,9,0.0,0.0,0.0,57.1,62.7,33.8,41.2,Medium,None,1,3,1,3,3,2,1,77,33,1,882.0,0,0,1,98,2024-09-03 13:45:00
DR-00473,2024-05-31 10:09:46,Radiant,1.04,8,5,0.0,0.0,0.0,54.8,62.9,34.9,40.7,Medium,None,2,1,4,4,2,1,3,85,69,-1,4050.0,0,0,1,112,2024-09-20 14:18:46
DR-00474,2024-05-31 10:13:45,Emerald,0.92,4,6,0.0,0.0,0.0,57.5,62.3,33.8,40.4,Medium,None,2,3,3,3,1,1,5,31,46,0,4728.0,0,0,1,42,2024-07-12 11:49:45
DR-00475,2024-06-01 09:22:49,Asscher,0.63,3,5,0.0,0.0,0.0,57.9,61.0,33.7,41.4,Medium,None,2,1,2,2,1,3,1,115,7,0,5191.0,0,0,0,578,
DR-00476,2024-06-02 09:22:24,Marquise,1.03,2,1,0.0,0.0,0.0,58.2,59.9,35.3,40.9,Medium,None,2,1,3,3,1,0,2,99,7,0,22276.0,0,0,0,577,
DR-00477,2024-06-02 11:42:42,Round,0.55,1,2,0.0,0.0,0.0,61.0,61.1,35.3,41.5,Medium,None,2,4,1,4,3,1,5,32,16,1,5662.0,0,0,1,1,2024-06-03 15:50:42
DR-00478,2024-06-02 18:51:20,Radiant,0.81,1,4,0.0,0.0,0.0,55.2,60.1,35.5,40.7,Medium,None,1,1,2,2,1,1,5,75,98,0,11995.0,0,0,1,64,2024-08-05 16:54:20
DR-00479,2024-06-06 16:26:13,Emerald,0.38,1,1,0.0,0.0,0.0,61.8,62.2,33.5,40.6,Medium,None,2,2,2,2,4,3,2,67,6,0,5590.0,0,0,1,22,2024-06-28 20:44:13
DR-00480,2024-06-06 17:15:16,Heart,1.01,5,5,0.0,0.0,0.0,63.8,59.3,35.8,41.8,Medium,None,3,4,3,4,1,1,1,67,51,0,5619.0,0,0,1,68,2024-08-13 14:30:16
DR-00481,2024-06-06 18:11:33,Oval,1.01,1,9,0.0,0.0,0.0,60.9,63.4,34.7,41.2,Medium,None,1,3,3,3,2,1,4,17,46,1,3237.0,0,0,1,119,2024-10-03 18:45:33
DR-00482,2024-06-08 09:02:04,Round,0.77,2,5,0.0,0.0,0.0,58.2,59.2,32.2,40.2,Medium,None,3,1,3,3,1,3,4,80,16,0,6773.0,0,0,1,58,2024-08-05 06:57:04
DR-00483,2024-06-08 12:30:48,Emerald,0.8,1,4,0.0,0.0,0.0,60.0,60.9,33.2,40.4,Medium,None,3,3,2,3,3,1,1,117,49,0,10325.0,0,0,0,571,
DR-00484,2024-06-09 18:28:13,Pear,0.79,9,2,0.0,0.0,0.0,54.5,60.7,35.3,40.8,Medium,None,1,4,1,4,2,1,2,40,88,0,3932.0,0,0,1,62,2024-08-10 14:21:13
DR-00485,2024-06-10 09:18:03,Pear,0.56,5,5,0.0,0.0,0.0,59.7,60.6,33.9,40.7,Medium,None,1,2,2,2,2,1,4,35,44,0,3243.0,0,0,0,569,
DR-00486,2024-06-10 14:40:50,Pear,0.78,5,7,0.0,0.0,0.0,56.6,60.8,34.7,41.2,Medium,None,4,3,3,4,1,1,4,101,84,0,2035.0,0,0,1,98,2024-09-16 14:52:50
DR-00487,2024-06-12 09:13:14,Pear,0.73,6,4,0.0,0.0,0.0,60.4,60.8,32.1,40.9,Medium,None,1,2,3,3,1,1,3,91,89,-1,4288.0,0,0,1,83,2024-09-03 05:36:14
DR-00488,2024-06-12 17:27:45,Cushion,2.28,8,7,0.0,0.0,0.0,54.2,63.3,33.3,41.8,Medium,None,3,2,2,3,3,1,5,33,53,1,10650.0,0,0,1,49,2024-07-31 15:49:45
DR-00489,2024-06-12 18:03:17,Round,0.36,3,2,0.0,0.0,0.0,58.2,61.6,35.9,40.0,Medium,None,2,1,2,2,1,1,5,47,19,0,3215.0,0,0,1,42,2024-07-24 15:53:17
DR-00490,2024-06-13 17:39:19,Round,0.94,3,5,0.0,0.0,0.0,60.0,61.4,33.7,40.4,Medium,None,2,1,1,2,1,1,5,48,83,0,10403.0,0,0,1,63,2024-08-15 18:03:19
DR-00491,2024-06-14 18:45:48,Round,0.67,6,5,0.0,0.0,0.0,56.7,61.1,35.0,40.9,Medium,None,3,3,3,3,1,1,5,67,90,-1,3107.0,0,0,1,91,2024-09-13 22:32:48
DR-00492,2024-06-15 09:44:10,Round,0.76,8,5,0.0,0.0,0.0,54.8,61.0,32.2,41.7,Medium,None,4,4,2,4,1,1,2,84,74,0,2350.0,0,0,1,101,2024-09-24 13:17:10
DR-00493,2024-06-16 14:29:10,Princess,0.53,5,8,0.0,0.0,0.0,56.4,60.0,32.6,41.3,Medium,None,3,1,3,3,1,1,4,81,50,0,993.0,0,0,0,563,
DR-00494,2024-06-16 18:40:39,Oval,0.88,5,4,0.0,0.0,0.0,62.8,61.2,32.1,41.1,Medium,None,2,2,1,2,1,1,4,118,28,1,8319.0,0,0,0,562,
DR-00495,2024-06-17 09:01:53,Princess,0.37,5,5,0.0,0.0,0.0,57.3,61.5,35.9,41.6,Medium,None,2,1,1,2,3,1,1,70,59,0,1619.0,0,0,0,562,
DR-00496,2024-06-20 11:05:51,Radiant,0.91,6,7,0.0,0.0,0.0,56.9,62.8,32.1,40.5,Medium,None,2,2,1,2,1,3,5,41,91,0,3297.0,0,1,1,130,2024-10-28 06:48:51
DR-00497,2024-06-22 10:07:13,Heart,1.39,4,2,0.0,0.0,0.0,58.6,62.3,32.6,40.0,Medium,None,3,2,1,3,4,1,4,65,75,1,25035.0,0,0,1,28,2024-07-20 13:44:13
DR-00498,2024-06-25 17:32:06,Princess,1.06,5,3,0.0,0.0,0.0,54.6,61.6,33.7,40.1,Medium,None,2,2,2,2,1,1,5,37,98,1,14580.0,0,0,1,54,2024-08-18 19:00:06
DR-00499,2024-06-26 12:37:26,Emerald,0.36,4,6,0.0,0.0,0.0,56.5,62.7,32.1,40.1,Medium,None,2,1,1,2,2,1,2,104,46,0,1176.0,0,0,1,42,2024-08-07 08:25:26
DR-00500,2024-06-28 10:05:14,Heart,0.49,3,4,0.0,0.0,0.0,61.3,63.1,33.7,41.8,Medium,None,1,2,4,4,1,2,4,49,74,1,2778.0,0,0,0,551,
DR-00501,2024-06-28 17:52:31,Emerald,0.53,4,7,0.0,0.0,0.0,58.9,63.0,33.8,41.2,Medium,None,2,2,2,2,2,1,2,85,27,1,1741.0,0,0,0,551,
DR-00502,2024-06-30 09:46:05,Radiant,0.42,1,6,0.0,0.0,0.0,64.8,59.8,35.4,40.5,Medium,None,3,1,3,3,2,1,5,119,86,1,1812.0,0,0,0,549,
DR-00503,2024-06-30 10:11:11,Heart,0.36,2,9,0.0,0.0,0.0,64.8,60.0,34.7,40.6,Medium,None,1,1,1,1,3,1,4,51,51,1,758.0,0,0,1,79,2024-09-17 10:43:11
DR-00504,2024-07-01 10:10:51,Pear,0.64,4,6,0.0,0.0,0.0,55.3,61.7,34.7,40.7,Medium,None,2,2,3,3,1,1,4,51,81,1,2534.0,0,0,1,138,2024-11-16 14:54:51
DR-00505,2024-07-01 10:45:54,Round,0.62,5,4,0.0,0.0,0.0,60.9,62.1,32.8,40.8,Medium,None,3,3,2,3,2,1,2,119,95,1,3729.0,0,0,1,105,2024-10-14 14:42:54
DR-00506,2024-07-03 10:59:35,Emerald,0.81,3,1,0.0,0.0,0.0,62.2,61.0,36.0,40.0,Medium,None,1,2,4,4,3,3,5,90,67,1,10331.0,0,0,0,546,
DR-00507,2024-07-03 16:59:05,Princess,0.76,3,5,0.0,0.0,0.0,61.5,60.2,33.8,41.3,Medium,None,2,2,4,4,2,1,3,20,23,0,4959.0,0,0,1,39,2024-08-11 12:34:05
DR-00508,2024-07-03 18:26:29,Cushion,0.46,1,5,0.0,0.0,0.0,55.5,62.6,33.2,41.7,Medium,None,2,2,2,2,4,1,5,94,75,0,3895.0,0,1,0,545,
DR-00509,2024-07-04 19:20:27,Princess,0.66,3,4,0.0,0.0,0.0,55.5,61.3,34.8,40.7,Medium,None,4,2,2,4,1,1,3,92,52,0,4415.0,0,0,1,76,2024-09-18 19:03:27
DR-00510,2024-07-05 10:47:40,Heart,0.82,6,2,0.0,0.0,0.0,64.8,63.6,34.1,40.6,Medium,None,4,3,3,4,1,1,2,21,84,1,5813.0,0,0,1,25,2024-07-30 13:47:40
DR-00511,2024-07-05 17:43:57,Radiant,0.64,5,4,0.0,0.0,0.0,58.7,62.7,33.9,41.1,Medium,None,2,2,3,3,2,1,2,63,41,0,3975.0,0,0,0,544,
DR-00512,2024-07-07 10:02:19,Radiant,0.79,10,1,0.0,0.0,0.0,61.6,59.4,35.4,40.3,Medium,None,3,2,3,3,3,3,4,81,95,0,3937.0,0,0,0,542,
DR-00513,2024-07-07 14:45:38,Pear,0.75,2,5,0.0,0.0,0.0,57.9,60.1,34.6,40.3,Medium,None,2,4,1,4,1,3,5,51,63,1,5405.0,0,1,1,28,2024-08-04 13:19:38
DR-00514,2024-07-07 14:58:42,Radiant,0.69,7,6,0.0,0.0,0.0,64.3,61.3,32.3,40.8,Medium,None,3,2,2,3,1,1,4,101,81,0,1852.0,0,0,1,69,2024-09-14 14:41:42
DR-00515,2024-07-12 10:28:10,Asscher,0.87,2,4,0.0,0.0,0.0,59.6,61.5,34.6,40.8,Medium,None,4,3,1,4,4,1,3,98,36,0,8340.0,0,0,1,81,2024-10-01 13:24:10
DR-00516,2024-07-12 12:30:30,Heart,1.03,1,1,0.0,0.0,0.0,59.9,62.2,34.7,41.0,Medium,None,1,1,2,2,2,1,3,72,24,0,31771.0,1,0,0,537,
DR-00517,2024-07-13 18:58:02,Princess,0.51,5,2,0.0,0.0,0.0,58.8,59.8,34.7,41.3,Medium,None,3,1,3,3,2,1,1,29,31,0,3700.0,0,0,1,5,2024-07-18 18:03:02
DR-00518,2024-07-15 15:30:42,Emerald,0.89,3,6,0.0,0.0,0.0,59.1,60.9,32.8,40.4,Medium,None,2,3,2,3,1,1,3,59,23,0,5133.0,0,0,1,36,2024-08-20 14:00:42
DR-00519,2024-07-15 17:23:01,Marquise,0.38,4,6,0.0,0.0,0.0,61.9,60.7,35.5,40.8,Medium,None,2,3,1,3,1,1,2,46,6,-1,1123.0,0,0,1,68,2024-09-21 14:45:01
DR-00520,2024-07-17 10:55:29,Oval,1.1,2,2,0.0,0.0,0.0,59.0,60.7,34.6,41.1,Medium,None,1,2,3,3,2,1,5,20,8,-1,20399.0,0,1,1,37,2024-08-23 06:41:29
DR-00521,2024-07-18 09:35:50,Pear,0.9,8,6,0.0,0.0,0.0,59.6,59.8,35.7,41.8,Medium,None,2,2,3,3,1,1,4,50,23,1,2578.0,0,0,1,91,2024-10-17 09:00:50
DR-00522,2024-07-18 10:35:11,Emerald,0.93,3,3,0.0,0.0,0.0,57.6,61.9,33.3,40.8,Medium,None,2,2,3,3,2,0,2,55,60,0,12060.0,0,0,1,1,2024-07-19 16:06:11
DR-00523,2024-07-19 10:39:15,Emerald,0.68,10,3,0.0,0.0,0.0,59.7,60.4,35.6,40.3,Medium,None,4,3,2,4,2,1,1,19,81,1,1838.0,0,0,0,530,
DR-00524,2024-07-19 10:56:15,Marquise,0.95,4,7,0.0,0.0,0.0,64.5,61.6,35.1,40.3,Medium,None,1,2,2,2,2,0,3,99,93,0,5067.0,0,0,0,530,
DR-00525,2024-07-21 09:47:02,Emerald,0.37,4,5,0.0,0.0,0.0,62.0,59.3,32.9,41.9,Medium,None,3,1,3,3,3,3,2,31,72,0,1561.0,0,0,1,17,2024-08-07 12:27:02
DR-00526,2024-07-23 09:25:36,Oval,0.63,3,7,0.0,0.0,0.0,62.6,60.8,32.4,40.7,Medium,None,4,2,2,4,3,1,3,118,38,1,1957.0,0,0,0,526,
DR-00527,2024-07-24 09:38:05,Radiant,0.94,2,6,0.0,0.0,0.0,63.0,59.1,33.8,41.8,Medium,None,1,1,1,1,3,3,2,54,97,0,9790.0,0,0,1,27,2024-08-20 06:44:05
DR-00528,2024-07-25 18:33:29,Emerald,0.39,3,2,0.0,0.0,0.0,61.3,64.0,33.4,41.2,Medium,None,1,2,1,2,1,1,2,17,89,1,3790.0,0,0,1,69,2024-10-02 21:03:29
DR-00529,2024-07-26 11:58:18,Emerald,0.73,7,10,0.0,0.0,0.0,62.1,63.9,34.0,40.9,Medium,None,1,1,3,3,1,1,3,117,56,0,500.0,0,0,1,72,2024-10-06 08:00:18
DR-00530,2024-08-01 10:00:56,Heart,0.88,7,2,0.0,0.0,0.0,57.6,60.3,35.3,41.6,Medium,None,1,1,1,1,1,1,5,60,6,0,11355.0,0,0,1,78,2024-10-18 05:35:56
DR-00531,2024-08-03 11:37:15,Oval,0.88,9,3,0.0,0.0,0.0,58.5,63.2,34.6,41.7,Medium,None,1,2,3,3,4,3,5,37,86,1,5178.0,0,0,1,90,2024-11-01 06:50:15
DR-00532,2024-08-04 09:35:58,Princess,1.3,2,3,0.0,0.0,0.0,58.5,61.5,34.4,41.6,Medium,None,1,3,1,3,2,1,1,58,83,-1,25641.0,0,0,1,60,2024-10-03 06:22:58
DR-00533,2024-08-04 13:25:21,Princess,1.05,2,4,0.0,0.0,0.0,63.6,59.3,33.9,40.1,Medium,None,1,2,3,3,3,3,4,59,32,1,14499.0,0,0,1,12,2024-08-16 13:19:21
DR-00534,2024-08-04 18:39:52,Asscher,1.0,2,6,0.0,0.0,0.0,59.7,61.9,35.3,41.0,Medium,None,1,1,2,2,3,1,4,96,26,0,8501.0,0,0,0,513,
DR-00535,2024-08-06 10:11:27,Pear,0.61,1,4,0.0,0.0,0.0,59.4,61.6,32.2,41.0,Medium,None,1,3,2,3,1,2,1,46,7,1,6087.0,0,0,1,14,2024-08-20 06:22:27
DR-00536,2024-08-07 17:20:05,Princess,0.51,2,1,0.0,0.0,0.0,56.2,62.8,32.9,41.9,Medium,None,1,1,2,2,1,1,1,46,35,0,8041.0,0,0,1,10,2024-08-17 13:31:05
DR-00537,2024-08-09 18:56:40,Oval,1.07,6,4,0.0,0.0,0.0,55.1,62.9,32.2,41.0,Medium,None,3,2,1,3,3,3,2,72,67,1,8111.0,0,0,1,44,2024-09-22 22:53:40
DR-00538,2024-08-11 10:20:17,Round,0.64,5,5,0.0,0.0,0.0,56.6,61.4,35.2,40.2,Medium,None,1,2,1,2,1,1,1,98,93,-1,4173.0,0,0,1,104,2024-11-23 12:31:17
DR-00539,2024-08-11 12:13:53,Radiant,1.18,7,5,0.0,0.0,0.0,57.1,59.8,32.2,40.6,Medium,None,1,1,1,1,1,3,3,65,68,0,10466.0,0,0,1,69,2024-10-19 11:17:53
DR-00540,2024-08-11 17:06:09,Emerald,0.52,4,3,0.0,0.0,0.0,63.3,63.2,34.1,41.9,Medium,None,1,2,2,2,1,1,3,104,23,0,4955.0,0,0,0,507,
DR-00541,2024-08-12 17:08:02,Princess,0.73,3,2,0.0,0.0,0.0,57.3,61.6,33.1,40.6,Medium,None,2,1,1,2,4,1,1,50,10,0,10812.0,0,0,1,57,2024-10-08 18:41:02
DR-00542,2024-08-12 19:31:30,Princess,0.44,5,5,0.0,0.0,0.0,62.3,60.9,34.7,41.2,Medium,None,2,3,1,3,4,1,1,115,57,0,1737.0,0,0,1,58,2024-10-09 22:29:30
DR-00543,2024-08-13 17:45:01,Marquise,0.78,8,4,0.0,0.0,0.0,59.0,62.7,32.3,41.9,Medium,None,4,1,1,4,1,1,5,88,71,0,2992.0,0,1,1,88,2024-11-09 16:03:01
DR-00544,2024-08-14 14:10:39,Heart,0.41,5,2,0.0,0.0,0.0,63.1,59.2,35.7,41.0,Medium,None,2,2,2,2,1,0,5,43,59,0,3154.0,0,1,1,25,2024-09-08 13:04:39
DR-00545,2024-08-16 14:12:07,Round,0.35,3,4,0.0,0.0,0.0,63.9,61.3,32.4,41.8,Medium,None,2,2,2,2,2,1,4,23,57,0,2377.0,0,0,0,502,
DR-00546,2024-08-17 10:03:44,Princess,0.82,3,4,0.0,0.0,0.0,58.4,62.1,33.2,41.5,Medium,None,2,4,2,4,1,3,5,81,76,0,6407.0,0,1,0,501,
DR-00547,2024-08-18 12:06:07,Oval,0.86,8,4,0.0,0.0,0.0,59.8,59.6,33.4,41.8,Medium,None,1,1,2,2,2,1,2,31,64,1,5262.0,0,0,1,63,2024-10-20 11:14:07
DR-00548,2024-08-18 12:22:37,Asscher,0.9,5,5,0.0,0.0,0.0,55.5,60.7,32.4,41.2,Medium,None,2,1,3,3,1,1,3,94,50,0,5890.0,0,0,1,65,2024-10-22 11:00:37
DR-00549,2024-08-20 10:09:30,Round,0.35,3,8,0.0,0.0,0.0,56.9,59.1,35.5,40.1,Medium,None,3,1,2,3,3,1,4,75,43,0,640.0,0,0,0,498,
DR-00550,2024-08-22 09:04:04,Marquise,1.52,5,3,0.0,0.0,0.0,63.9,62.8,34.5,40.5,Medium,None,1,1,1,1,4,3,2,75,53,1,30876.0,0,0,0,496,
DR-00551,2024-08-23 10:31:34,Cushion,0.97,5,1,0.0,0.0,0.0,63.4,59.6,32.3,41.1,Medium,None,1,1,1,1,4,1,3,25,6,1,21079.0,0,0,1,40,2024-10-02 16:25:34
DR-00552,2024-08-23 18:02:53,Emerald,0.3,5,7,0.0,0.0,0.0,56.0,59.5,33.5,40.7,Medium,None,1,2,2,2,2,1,5,59,67,1,600.0,0,0,1,71,2024-11-02 13:39:53
DR-00553,2024-08-24 09:01:43,Oval,0.69,7,4,0.0,0.0,0.0,61.7,61.0,33.6,40.4,Medium,None,4,2,2,4,1,1,4,98,66,1,2896.0,0,0,0,494,
DR-00554,2024-08-24 09:14:18,Pear,0.68,4,1,0.0,0.0,0.0,63.6,63.3,33.7,41.7,Medium,None,3,1,2,3,3,1,2,88,91,0,8632.0,0,0,1,39,2024-10-02 06:18:18
DR-00555,2024-08-24 17:55:53,Pear,0.97,3,4,0.0,0.0,0.0,63.5,61.4,35.6,40.7,Medium,None,1,2,2,2,4,1,5,31,34,0,12779.0,0,0,0,494,
DR-00556,2024-08-26 18:11:09,Oval,0.6,7,2,0.0,0.0,0.0,61.2,63.7,34.5,40.8,Medium,None,1,4,1,4,1,1,4,70,43,0,2995.0,0,0,1,27,2024-09-23 00:07:09
DR-00557,2024-08-27 09:46:13,Pear,0.64,7,6,0.0,0.0,0.0,64.5,63.8,32.5,41.2,Medium,None,3,3,4,4,1,3,4,61,84,0,1326.0,0,0,1,68,2024-11-03 08:07:13
DR-00558,2024-08-27 09:53:42,Round,0.54,1,4,0.0,0.0,0.0,56.4,62.5,34.2,40.0,Medium,None,1,2,4,4,2,3,5,106,81,-1,4144.0,0,0,1,54,2024-10-20 07:16:42
DR-00559,2024-08-27 10:11:54,Cushion,1.19,5,9,0.0,0.0,0.0,62.9,62.1,35.0,40.4,Medium,None,1,4,1,4,1,1,5,86,78,0,2129.0,0,1,1,96,2024-12-01 14:41:54
DR-00560,2024-08-28 09:48:41,Marquise,0.61,1,7,0.0,0.0,0.0,60.6,63.8,35.2,41.2,Medium,None,4,2,2,4,2,1,3,45,69,0,2151.0,0,0,1,34,2024-10-01 07:07:41
DR-00561,2024-08-28 11:07:18,Marquise,0.84,5,4,0.0,0.0,0.0,62.4,61.0,35.2,40.2,Medium,None,2,1,2,2,1,3,2,103,21,0,7773.0,0,0,0,490,
DR-00562,2024-08-28 11:09:44,Pear,1.15,5,3,0.0,0.0,0.0,60.7,62.8,35.1,41.9,Medium,None,2,2,3,3,1,1,2,53,8,0,12739.0,0,0,0,490,
DR-00563,2024-08-29 16:54:57,Cushion,0.9,7,4,0.0,0.0,0.0,56.5,62.5,34.8,40.2,Medium,None,4,2,3,4,3,1,5,96,64,0,4493.0,0,1,0,489,
DR-00564,2024-08-31 16:10:18,Marquise,0.7,5,5,0.0,0.0,0.0,63.5,62.4,34.4,40.5,Medium,None,1,1,1,1,1,3,3,59,7,0,5998.0,0,0,1,10,2024-09-10 21:31:18
DR-00565,2024-09-01 14:33:30,Princess,0.67,3,3,0.0,0.0,0.0,59.6,63.9,32.2,41.9,Medium,None,2,2,4,4,1,1,1,47,32,0,5820.0,0,0,0,486,
DR-00566,2024-09-05 09:03:21,Radiant,0.86,3,5,0.0,0.0,0.0,59.3,59.5,34.1,40.0,Medium,None,1,2,3,3,2,1,5,32,14,0,7529.0,0,0,1,125,2025-01-08 10:03:21
DR-00567,2024-09-05 17:23:21,Radiant,0.31,5,2,0.0,0.0,0.0,61.8,63.4,35.0,40.3,Medium,None,2,2,2,2,2,1,3,109,7,0,2046.0,0,0,1,5,2024-09-10 13:32:21
DR-00568,2024-09-06 09:33:42,Asscher,0.93,4,5,0.0,0.0,0.0,55.5,59.5,35.9,41.7,Medium,None,2,2,2,2,2,3,5,26,87,0,8482.0,0,0,1,34,2024-10-10 12:12:42
DR-00569,2024-09-08 13:52:29,Radiant,0.65,8,3,0.0,0.0,0.0,55.7,62.2,32.7,41.5,Medium,None,1,3,4,4,1,3,1,115,32,0,2769.0,0,0,0,479,
DR-00570,2024-09-08 18:38:14,Radiant,0.34,8,6,0.0,0.0,0.0,57.5,60.0,33.7,41.1,Medium,None,1,2,3,3,3,3,5,47,73,1,502.0,0,0,0,478,
DR-00571,2024-09-12 10:23:03,Pear,0.52,6,5,0.0,0.0,0.0,59.6,59.4,33.4,40.1,Medium,None,2,2,2,2,3,1,1,23,38,-1,2315.0,0,0,1,51,2024-11-02 07:16:03
DR-00572,2024-09-14 11:10:16,Asscher,0.69,4,8,0.0,0.0,0.0,60.7,63.9,33.8,41.7,Medium,None,2,2,4,4,3,1,5,57,96,0,1452.0,0,0,1,116,2025-01-08 09:09:16
DR-00573,2024-09-15 09:08:54,Emerald,0.66,3,6,0.0,0.0,0.0,54.5,62.5,35.0,40.3,Medium,None,1,3,1,3,1,3,1,17,75,1,3245.0,0,0,1,112,2025-01-05 10:01:54
DR-00574,2024-09-16 19:35:26,Emerald,0.75,3,5,0.0,0.0,0.0,61.3,60.1,32.2,41.4,Medium,None,4,2,1,4,1,1,1,79,49,0,4749.0,0,0,0,470,
DR-00575,2024-09-17 17:49:53,Emerald,0.49,2,8,0.0,0.0,0.0,54.4,59.8,33.7,40.4,Medium,None,2,1,3,3,1,1,5,42,16,0,1225.0,0,0,0,470,
DR-00576,2024-09-18 10:16:51,Princess,0.8,5,1,0.0,0.0,0.0,61.5,63.7,33.7,42.0,Medium,None,4,2,1,4,1,0,4,50,64,0,7510.0,0,0,1,47,2024-11-04 09:31:51
DR-00577,2024-09-18 18:32:24,Radiant,0.76,6,6,0.0,0.0,0.0,55.1,63.0,34.4,40.5,Medium,None,2,3,1,3,4,3,4,96,48,1,2386.0,0,0,0,468,
DR-00578,2024-09-19 09:24:55,Radiant,0.76,4,4,0.0,0.0,0.0,59.6,62.9,33.8,41.0,Medium,None,2,2,4,4,2,1,1,110,27,1,5283.0,0,0,1,72,2024-11-30 06:15:55
DR-00579,2024-09-19 12:14:57,Asscher,1.08,4,4,0.0,0.0,0.0,57.2,62.4,32.1,40.1,Medium,None,2,2,2,2,3,1,2,53,23,1,14162.0,1,0,0,468,
DR-00580,2024-09-19 18:23:30,Oval,0.94,5,3,0.0,0.0,0.0,62.1,63.0,32.7,41.4,Medium,None,3,1,4,4,2,3,1,117,70,1,7754.0,0,0,1,37,2024-10-27 00:01:30
DR-00581,2024-09-19 18:59:37,Marquise,0.76,9,8,0.0,0.0,0.0,63.8,62.2,35.4,41.3,Medium,None,1,2,2,2,1,3,3,91,31,1,1322.0,0,0,0,467,
DR-00582,2024-09-21 10:24:10,Round,0.87,8,7,0.0,0.0,0.0,59.7,63.0,34.9,40.2,Medium,None,3,2,1,3,1,1,1,81,99,1,1983.0,0,0,1,120,2025-01-19 12:51:10
DR-00583,2024-09-24 10:50:34,Heart,0.81,4,6,0.0,0.0,0.0,54.3,62.4,32.8,40.6,Medium,None,3,1,4,4,1,1,3,47,26,1,3209.0,0,0,1,65,2024-11-28 15:53:34
DR-00584,2024-09-24 16:36:33,Marquise,1.09,3,2,0.0,0.0,0.0,56.0,62.9,34.2,41.1,Medium,None,2,3,3,3,2,1,2,21,74,0,19448.0,0,0,1,22,2024-10-16 12:23:33
DR-00585,2024-09-25 12:13:21,Pear,1.08,7,3,0.0,0.0,0.0,61.8,61.1,32.1,41.1,Medium,None,1,3,1,3,3,0,2,95,12,0,9262.0,0,0,0,462,
DR-00586,2024-09-26 15:17:42,Asscher,0.85,8,7,0.0,0.0,0.0,62.2,61.1,33.7,40.7,Medium,None,2,4,3,4,1,3,4,86,81,1,1493.0,0,0,1,37,2024-11-02 20:02:42
DR-00587,2024-09-28 09:38:31,Marquise,0.39,3,4,0.0,0.0,0.0,64.9,59.7,32.7,41.0,Medium,None,2,2,1,2,1,1,1,36,84,0,2712.0,0,0,1,46,2024-11-13 13:05:31
DR-00588,2024-09-28 09:39:08,Pear,0.91,1,5,0.0,0.0,0.0,63.0,62.9,35.8,41.7,Medium,None,4,2,1,4,1,1,4,109,51,-1,7894.0,0,0,1,41,2024-11-08 13:23:08
DR-00589,2024-09-28 09:48:58,Round,0.65,1,2,0.0,0.0,0.0,64.6,63.0,35.6,40.7,Medium,None,3,4,2,4,1,1,1,69,93,1,7994.0,0,0,0,459,
DR-00590,2024-09-28 19:36:43,Round,0.33,2,5,0.0,0.0,0.0,61.7,63.6,36.0,40.4,Medium,None,1,2,2,2,1,1,1,26,5,0,1907.0,0,0,1,57,2024-11-24 22:54:43
DR-00591,2024-09-29 13:06:57,Pear,1.11,5,4,0.0,0.0,0.0,56.9,62.3,34.6,40.0,Medium,None,2,4,3,4,3,1,4,31,50,1,8263.0,0,0,0,458,
DR-00592,2024-09-29 17:19:41,Asscher,1.09,4,5,0.0,0.0,0.0,58.7,61.5,32.1,41.4,Medium,None,2,2,2,2,2,1,2,87,21,0,11088.0,1,0,0,458,
DR-00593,2024-10-01 10:36:45,Marquise,1.27,7,4,0.0,0.0,0.0,62.4,63.2,33.6,40.3,Medium,None,2,2,4,4,3,0,1,60,76,0,7963.0,0,0,1,63,2024-12-03 14:03:45
DR-00594,2024-10-01 16:45:12,Radiant,1.04,1,10,0.0,0.0,0.0,54.4,60.0,35.1,41.6,Medium,None,1,3,2,3,3,1,5,75,92,0,1769.0,0,0,0,456,
DR-00595,2024-10-06 16:57:12,Cushion,0.66,5,6,0.0,0.0,0.0,59.1,62.7,35.4,40.8,Medium,None,3,2,2,3,1,1,4,50,54,0,2386.0,0,0,0,451,
DR-00596,2024-10-06 18:02:32,Princess,0.62,8,5,0.0,0.0,0.0,64.5,62.4,34.7,41.2,Medium,None,1,1,2,2,1,1,4,33,66,0,2545.0,0,0,0,450,
DR-00597,2024-10-07 10:14:48,Radiant,0.8,5,4,0.0,0.0,0.0,57.8,60.6,34.0,40.9,Medium,None,1,2,1,2,2,1,3,30,26,0,6981.0,0,0,1,78,2024-12-24 10:36:48
DR-00598,2024-10-11 14:36:35,Marquise,1.47,6,5,0.0,0.0,0.0,61.1,61.7,32.5,41.9,Medium,None,3,1,2,3,2,1,5,46,47,0,11819.0,0,0,1,25,2024-11-05 12:16:35
DR-00599,2024-10-13 09:52:37,Princess,0.67,6,4,0.0,0.0,0.0,62.3,63.6,32.1,41.8,Medium,None,3,1,2,3,2,2,4,76,9,0,3502.0,0,0,1,101,2025-01-22 13:01:37
DR-00600,2024-10-14 09:32:43,Radiant,0.72,5,3,0.0,0.0,0.0,63.4,61.0,33.2,41.5,Medium,None,1,1,4,4,3,3,3,35,89,1,4614.0,0,0,1,67,2024-12-20 09:58:43
DR-00601,2024-10-16 09:02:58,Cushion,0.47,2,8,0.0,0.0,0.0,55.9,59.8,34.6,41.6,Medium,None,3,2,2,3,1,3,2,109,11,0,1216.0,0,0,1,110,2025-02-03 13:40:58
DR-00602,2024-10-17 18:52:20,Oval,0.58,3,1,0.0,0.0,0.0,54.6,61.9,36.0,41.3,Medium,None,3,3,4,4,1,3,1,83,94,1,6021.0,0,0,1,43,2024-11-29 19:55:20
DR-00603,2024-10-19 18:23:22,Princess,0.79,1,2,0.0,0.0,0.0,55.2,64.0,33.0,40.7,Medium,None,3,1,1,3,1,1,4,111,87,0,13924.0,0,0,1,21,2024-11-09 14:35:22
DR-00604,2024-10-21 10:00:05,Asscher,0.97,3,5,0.0,0.0,0.0,55.7,61.1,35.3,41.1,Medium,None,2,1,3,3,2,2,1,38,44,0,8852.0,0,0,1,42,2024-12-02 10:32:05
DR-00605,2024-10-21 14:19:05,Marquise,1.33,2,8,0.0,0.0,0.0,61.9,60.5,35.8,41.8,Medium,None,3,1,2,3,3,0,1,37,16,0,6785.0,0,0,0,436,
DR-00606,2024-10-21 15:16:59,Cushion,1.33,3,2,0.0,0.0,0.0,57.5,60.1,32.5,40.4,Medium,None,2,4,3,4,3,1,2,66,66,0,19959.0,0,0,0,436,
DR-00607,2024-10-21 18:02:13,Princess,0.66,3,4,0.0,0.0,0.0,60.7,63.0,35.2,40.4,Medium,None,3,1,1,3,1,3,5,111,71,1,5624.0,0,0,1,19,2024-11-09 22:38:13
DR-00608,2024-10-24 10:04:59,Asscher,0.9,4,5,0.0,0.0,0.0,62.0,62.0,33.1,41.6,Medium,None,2,3,1,3,1,1,1,46,40,1,6704.0,0,0,1,1,2024-10-25 06:57:59
DR-00609,2024-10-24 12:42:55,Round,1.4,1,5,0.0,0.0,0.0,57.5,62.0,34.8,41.7,Medium,None,2,2,2,2,3,3,2,54,97,1,25232.0,1,0,1,16,2024-11-09 11:50:55
DR-00610,2024-10-24 14:29:07,Marquise,0.75,3,6,0.0,0.0,0.0,55.5,59.8,35.3,41.3,Medium,None,2,2,1,2,4,1,1,68,20,0,4536.0,0,0,0,433,
DR-00611,2024-10-24 17:15:24,Heart,1.28,6,4,0.0,0.0,0.0,60.6,59.8,33.6,41.8,Medium,None,4,2,4,4,2,1,5,99,63,0,8326.0,0,0,0,433,
DR-00612,2024-10-25 09:34:03,Marquise,1.24,3,7,0.0,0.0,0.0,61.0,61.4,33.2,40.2,Medium,None,2,3,2,3,1,1,4,63,94,0,7615.0,0,0,1,28,2024-11-22 12:05:03
DR-00613,2024-10-25 18:20:43,Heart,0.49,5,10,0.0,0.0,0.0,57.2,59.3,34.5,40.4,Medium,None,3,1,1,3,2,1,5,76,22,1,500.0,0,0,1,101,2025-02-03 20:02:43
DR-00614,2024-10-26 11:20:49,Pear,0.86,2,10,0.0,0.0,0.0,57.3,60.7,33.0,40.0,Medium,None,3,3,2,3,3,1,2,30,41,0,1107.0,0,0,1,67,2025-01-01 14:45:49
DR-00615,2024-10-27 18:08:05,Pear,0.57,8,4,0.0,0.0,0.0,57.5,59.4,33.4,41.5,Medium,None,1,3,4,4,1,1,4,40,29,1,1691.0,0,0,0,429,
DR-00616,2024-10-28 09:31:20,Marquise,0.87,4,4,0.0,0.0,0.0,61.9,62.4,33.8,41.7,Medium,None,3,3,2,3,1,1,2,31,47,0,8133.0,0,0,1,41,2024-12-08 05:55:20
DR-00617,2024-10-30 09:53:42,Round,0.95,2,2,0.0,0.0,0.0,57.2,61.1,33.3,41.1,Medium,None,2,4,2,4,4,1,4,102,38,0,13656.0,0,0,1,42,2024-12-11 15:26:42
DR-00618,2024-11-01 18:16:10,Pear,0.55,9,3,0.0,0.0,0.0,64.5,61.8,35.3,41.8,Medium,None,4,3,2,4,1,0,1,78,49,0,1743.0,0,0,1,90,2025-01-30 15:22:10
DR-00619,2024-11-02 10:49:37,Radiant,0.46,1,5,0.0,0.0,0.0,64.3,62.9,36.0,41.2,Medium,None,4,2,1,4,1,3,4,89,44,1,2646.0,0,0,1,92,2025-02-02 07:31:37
DR-00620,2024-11-03 10:36:14,Radiant,0.71,4,5,0.0,0.0,0.0,58.9,59.3,35.8,41.3,Medium,None,4,1,3,4,1,3,1,25,57,0,3586.0,0,0,1,20,2024-11-23 10:36:14
DR-00621,2024-11-03 14:44:00,Oval,0.58,4,8,0.0,0.0,0.0,58.4,63.9,34.7,41.5,Medium,None,2,3,1,3,2,3,5,114,99,1,1323.0,0,0,1,1,2024-11-04 11:00:00
DR-00622,2024-11-04 09:31:17,Princess,0.77,1,6,0.0,0.0,0.0,61.5,63.1,32.9,40.3,Medium,None,3,2,1,3,2,0,4,119,88,0,5326.0,0,0,0,422,
DR-00623,2024-11-05 09:49:11,Asscher,1.05,6,4,0.0,0.0,0.0,58.1,63.5,35.3,40.4,Medium,None,2,2,2,2,1,1,3,26,26,0,9397.0,0,0,1,81,2025-01-25 11:27:11
DR-00624,2024-11-05 10:08:14,Princess,0.82,6,2,0.0,0.0,0.0,54.8,59.3,32.7,41.9,Medium,None,1,3,1,3,1,1,2,96,21,1,7040.0,0,0,1,45,2024-12-20 08:43:14
DR-00625,2024-11-07 09:04:42,Cushion,1.0,4,4,0.0,0.0,0.0,64.4,61.3,34.9,40.9,Medium,None,1,2,3,3,1,1,5,35,74,0,10398.0,0,0,1,81,2025-01-27 10:54:42
DR-00626,2024-11-07 13:21:09,Cushion,1.31,7,5,0.0,0.0,0.0,59.1,59.4,33.9,41.5,Medium,None,1,4,2,4,2,3,1,93,85,1,6727.0,0,0,1,67,2025-01-13 11:23:09
DR-00627,2024-11-08 17:10:09,Princess,1.25,1,7,0.0,0.0,0.0,58.1,62.3,35.7,42.0,Medium,None,1,1,2,2,1,3,2,40,24,0,11516.0,0,0,1,76,2025-01-23 13:25:09
DR-00628,2024-11-09 17:31:57,Oval,0.68,8,3,0.0,0.0,0.0,55.8,60.6,32.2,41.2,Medium,None,3,2,1,3,1,1,2,94,8,0,3688.0,0,0,0,417,
DR-00629,2024-11-11 09:26:01,Marquise,0.72,1,4,0.0,0.0,0.0,63.8,59.1,33.7,40.9,Medium,None,1,4,2,4,1,1,5,16,97,0,6889.0,0,0,0,415,
DR-00630,2024-11-13 10:08:44,Marquise,0.54,5,5,0.0,0.0,0.0,54.7,60.2,34.7,41.1,Medium,None,3,4,2,4,3,1,1,24,15,0,2068.0,0,0,0,413,
DR-00631,2024-11-13 10:30:47,Asscher,0.74,10,4,0.0,0.0,0.0,62.9,62.0,33.5,41.1,Medium,None,2,2,3,3,3,1,5,109,5,0,2105.0,0,0,1,62,2025-01-14 09:15:47
DR-00632,2024-11-13 11:58:30,Emerald,0.88,5,5,0.0,0.0,0.0,55.6,60.1,34.6,41.3,Medium,None,1,3,2,3,3,1,5,19,50,0,5998.0,0,0,1,66,2025-01-18 14:33:30
DR-00633,2024-11-14 11:57:31,Round,0.52,7,1,0.0,0.0,0.0,60.1,62.0,35.7,41.5,Medium,None,2,4,1,4,1,1,1,71,29,0,2875.0,0,0,1,25,2024-12-09 16:42:31
DR-00634,2024-11-15 12:58:55,Emerald,0.62,4,6,0.0,0.0,0.0,54.8,60.1,33.0,40.4,Medium,None,1,1,2,2,1,1,4,37,92,0,2963.0,0,0,1,14,2024-11-29 09:41:55
DR-00635,2024-11-17 09:13:42,Heart,1.09,2,9,0.0,0.0,0.0,62.3,63.1,32.1,40.8,Medium,None,4,3,1,4,1,1,3,105,74,0,2750.0,0,0,0,409,
DR-00636,2024-11-18 10:01:35,Cushion,0.92,5,2,0.0,0.0,0.0,61.2,63.3,34.0,41.3,Medium,None,3,2,2,3,1,1,1,70,48,1,10618.0,0,0,1,13,2024-12-01 14:04:35
DR-00637,2024-11-18 17:40:29,Princess,0.49,5,1,0.0,0.0,0.0,60.1,62.5,32.5,40.8,Medium,None,2,2,3,3,1,3,5,86,29,0,4430.0,0,0,1,38,2024-12-26 15:12:29
DR-00638,2024-11-19 10:01:43,Pear,0.54,6,7,0.0,0.0,0.0,60.4,59.8,32.6,41.8,Medium,None,2,3,2,3,2,2,4,36,39,0,1141.0,0,0,1,125,2025-03-24 15:51:43
DR-00639,2024-11-21 13:48:16,Marquise,0.46,3,9,0.0,0.0,0.0,56.5,59.6,35.5,41.6,Medium,None,4,4,3,4,2,3,1,79,40,1,550.0,0,0,1,67,2025-01-27 17:09:16
DR-00640,2024-11-21 17:31:11,Pear,0.94,6,3,0.0,0.0,0.0,54.9,62.5,35.8,40.9,Medium,None,2,2,3,3,3,1,2,119,39,0,8296.0,0,0,1,26,2024-12-17 13:43:11
DR-00641,2024-11-22 17:31:56,Asscher,0.95,2,7,0.0,0.0,0.0,62.9,59.1,33.4,41.9,Medium,None,2,1,1,2,1,1,5,80,76,1,6636.0,0,0,1,9,2024-12-01 13:28:56
DR-00642,2024-11-23 13:31:29,Radiant,1.46,6,2,0.0,0.0,0.0,61.7,60.2,33.1,41.0,Medium,None,2,1,2,2,1,1,4,51,29,0,22354.0,0,0,0,403,
DR-00643,2024-11-26 11:56:05,Oval,0.7,3,6,0.0,0.0,0.0,55.3,60.6,34.5,41.6,Medium,None,3,4,3,4,1,1,4,64,75,-1,2726.0,0,0,1,98,2025-03-04 08:00:05
DR-00644,2024-11-27 17:58:24,Heart,1.08,4,6,0.0,0.0,0.0,58.2,61.8,34.3,40.8,Medium,None,2,2,2,2,3,1,5,39,87,-1,7580.0,0,0,1,40,2025-01-06 19:39:24
DR-00645,2024-11-30 12:48:21,Princess,1.4,4,7,0.0,0.0,0.0,58.0,60.2,34.0,41.6,Medium,None,2,2,4,4,1,1,4,100,48,0,6563.0,0,0,1,36,2025-01-05 15:52:21
DR-00646,2024-11-30 17:27:00,Pear,0.64,6,5,0.0,0.0,0.0,62.1,63.3,34.9,41.7,Medium,None,3,1,2,3,1,3,4,42,30,1,2794.0,0,0,0,396,
DR-00647,2024-12-02 09:31:58,Radiant,0.64,2,2,0.0,0.0,0.0,59.7,62.9,35.0,41.3,Medium,None,2,3,4,4,4,1,4,69,54,0,6487.0,0,0,1,1,2024-12-03 14:52:58
DR-00648,2024-12-02 18:22:04,Heart,0.56,6,4,0.0,0.0,0.0,54.9,63.8,32.1,40.0,Medium,None,3,1,2,3,1,1,4,47,36,0,2814.0,0,0,0,393,
DR-00649,2024-12-03 13:10:40,Asscher,0.86,3,7,0.0,0.0,0.0,57.9,63.8,32.2,40.6,Medium,None,2,1,3,3,1,1,2,92,18,0,3942.0,0,0,1,65,2025-02-06 10:43:40
DR-00650,2024-12-03 18:16:59,Heart,1.11,5,3,0.0,0.0,0.0,62.9,60.9,34.6,41.3,Medium,None,2,2,2,2,3,1,5,89,10,0,15660.0,0,0,1,32,2025-01-04 22:13:59
DR-00651,2024-12-04 14:42:01,Oval,0.55,7,6,0.0,0.0,0.0,63.3,63.3,34.2,41.3,Medium,None,1,1,3,3,4,1,1,19,20,0,1245.0,0,0,1,85,2025-02-27 16:36:01
DR-00652,2024-12-04 19:35:51,Asscher,0.89,6,4,0.0,0.0,0.0,55.3,62.5,33.9,40.1,Medium,None,1,2,2,2,2,3,3,79,82,0,6741.0,0,0,1,48,2025-01-21 23:51:51
DR-00653,2024-12-05 11:03:59,Pear,0.9,3,6,0.0,0.0,0.0,64.4,59.9,34.5,41.8,Medium,None,1,3,2,3,1,1,4,77,53,-1,5134.0,0,0,1,88,2025-03-03 13:50:59
DR-00654,2024-12-09 18:25:41,Heart,0.87,1,2,0.0,0.0,0.0,55.8,60.8,32.8,41.3,Medium,None,2,1,1,2,1,1,5,48,15,0,18088.0,0,0,1,72,2025-02-20 00:24:41
DR-00655,2024-12-11 09:54:42,Pear,0.59,2,7,0.0,0.0,0.0,65.0,60.9,35.8,40.6,Medium,None,4,2,3,4,1,1,5,78,87,0,1890.0,0,1,1,69,2025-02-18 13:21:42
DR-00656,2024-12-11 12:00:50,Round,0.99,6,7,0.0,0.0,0.0,57.3,59.6,34.9,41.3,Medium,None,1,2,2,2,3,1,2,84,64,0,3831.0,0,0,1,101,2025-03-22 11:14:50
DR-00657,2024-12-12 09:12:33,Marquise,0.5,7,2,0.0,0.0,0.0,63.9,62.3,34.4,40.9,Medium,None,3,3,1,3,1,1,2,106,45,0,2889.0,0,0,1,63,2025-02-13 12:41:33
DR-00658,2024-12-15 09:09:48,Round,1.25,3,6,0.0,0.0,0.0,63.5,63.5,32.8,41.7,Medium,None,1,3,1,3,1,3,4,51,84,-1,9793.0,0,0,1,61,2025-02-14 15:02:48
DR-00659,2024-12-16 14:45:10,Princess,1.14,5,7,0.0,0.0,0.0,57.5,59.6,35.8,41.3,Medium,None,2,1,3,3,3,1,1,44,62,1,4798.0,0,0,0,380,
DR-00660,2024-12-17 14:11:32,Marquise,0.43,8,5,0.0,0.0,0.0,60.2,61.0,32.6,40.6,Medium,None,2,3,2,3,4,3,5,61,42,1,1108.0,0,0,1,63,2025-02-18 15:31:32
DR-00661,2024-12-17 18:26:31,Princess,0.9,3,2,0.0,0.0,0.0,55.2,61.8,33.7,40.3,Medium,None,3,3,1,3,2,1,4,37,73,1,13259.0,0,0,1,65,2025-02-20 21:31:31
DR-00662,2024-12-18 17:01:49,Emerald,0.71,3,5,0.0,0.0,0.0,55.4,61.7,33.0,41.2,Medium,None,3,1,1,3,2,1,1,51,39,-1,5495.0,0,0,1,58,2025-02-14 15:19:49
DR-00663,2024-12-19 10:39:25,Heart,0.7,5,4,0.0,0.0,0.0,58.4,63.4,33.0,40.3,Medium,None,3,1,2,3,1,1,4,87,62,0,4826.0,0,0,1,101,2025-03-30 10:47:25
DR-00664,2024-12-21 09:23:52,Emerald,0.74,3,4,0.0,0.0,0.0,58.4,62.8,34.7,40.7,Medium,None,2,2,4,4,3,3,3,77,97,0,5515.0,0,0,1,76,2025-03-07 12:40:52
DR-00665,2024-12-21 09:58:13,Cushion,0.62,7,3,0.0,0.0,0.0,62.7,60.1,33.8,41.7,Medium,None,2,3,1,3,1,1,1,47,76,1,3496.0,0,0,1,34,2025-01-24 12:27:13
DR-00666,2024-12-23 10:35:46,Princess,0.53,6,5,0.0,0.0,0.0,63.2,60.7,35.2,41.5,Medium,None,1,2,2,2,3,1,4,56,13,0,2480.0,0,0,1,19,2025-01-11 05:55:46
DR-00667,2024-12-23 19:59:35,Oval,0.65,2,3,0.0,0.0,0.0,62.3,62.3,36.0,40.7,Medium,None,1,4,1,4,2,3,1,94,81,0,6334.0,0,0,1,27,2025-01-19 16:15:35
DR-00668,2024-12-26 09:58:01,Asscher,0.78,5,2,0.0,0.0,0.0,63.0,61.4,34.8,41.7,Medium,None,2,2,1,2,2,3,2,22,85,1,9043.0,0,0,1,56,2025-02-20 14:05:01
DR-00669,2024-12-27 14:11:09,Cushion,0.75,10,4,0.0,0.0,0.0,55.9,63.4,35.7,40.7,Medium,None,2,1,3,3,2,2,3,73,94,0,2262.0,0,0,1,108,2025-04-14 11:23:09
DR-00670,2024-12-31 09:24:07,Oval,0.64,5,7,0.0,0.0,0.0,63.9,60.5,35.5,40.1,Medium,None,1,1,4,4,4,1,2,58,6,0,1473.0,0,0,1,111,2025-04-21 11:22:07
DR-00671,2024-12-31 11:31:12,Princess,0.58,3,3,0.0,0.0,0.0,63.0,61.1,32.1,42.0,Medium,None,1,1,3,3,2,1,3,43,69,-1,5813.0,0,0,1,1,2025-01-01 09:39:12
DR-00672,2024-12-31 15:47:06,Asscher,0.69,5,7,0.0,0.0,0.0,58.0,63.9,35.9,41.6,Medium,None,2,2,1,2,2,1,3,104,48,0,2456.0,0,0,1,33,2025-02-02 16:08:06
DR-00673,2025-01-01 09:52:32,Marquise,0.63,2,3,0.0,0.0,0.0,54.2,60.9,35.1,41.8,Medium,None,2,4,3,4,3,3,2,37,82,1,5594.0,0,0,1,97,2025-04-08 06:04:32
DR-00674,2025-01-02 18:14:21,Cushion,1.07,7,6,0.0,0.0,0.0,57.3,60.4,35.3,40.2,Medium,None,3,2,3,3,2,1,4,71,24,0,3879.0,0,0,0,362,
DR-00675,2025-01-04 09:34:58,Marquise,0.8,4,5,0.0,0.0,0.0,62.3,60.2,32.8,41.9,Medium,None,1,4,4,4,3,1,3,47,48,1,4463.0,0,0,1,85,2025-03-30 15:32:58
DR-00676,2025-01-04 13:22:05,Marquise,0.76,5,7,0.0,0.0,0.0,57.9,60.4,34.1,40.2,Medium,None,3,2,2,3,1,1,4,97,21,0,2521.0,0,0,0,361,
DR-00677,2025-01-05 10:25:26,Marquise,0.58,2,5,0.0,0.0,0.0,62.0,60.6,35.7,40.6,Medium,None,1,2,1,2,2,1,4,70,75,1,5101.0,0,0,0,360,
DR-00678,2025-01-05 10:55:56,Pear,0.85,5,5,0.0,0.0,0.0,60.9,61.8,33.4,41.0,Medium,None,2,2,2,2,3,1,2,53,17,0,6729.0,0,0,1,88,2025-04-03 16:20:56
DR-00679,2025-01-06 10:18:13,Radiant,0.7,2,4,0.0,0.0,0.0,63.5,62.4,33.3,40.2,Medium,None,1,1,2,2,2,3,4,42,38,0,8308.0,0,0,1,51,2025-02-26 14:12:13
DR-00680,2025-01-06 14:58:35,Cushion,0.65,5,3,0.0,0.0,0.0,63.9,60.6,35.3,41.8,Medium,None,1,1,2,2,3,3,3,97,76,-1,6171.0,0,0,1,51,2025-02-26 16:14:35
DR-00681,2025-01-08 10:16:15,Asscher,0.82,7,2,0.0,0.0,0.0,60.6,60.1,35.5,40.3,Medium,None,3,2,3,3,1,1,5,76,15,0,6681.0,0,0,1,38,2025-02-15 06:00:15
DR-00682,2025-01-09 09:19:20,Heart,0.52,2,4,0.0,0.0,0.0,58.9,60.8,34.4,41.0,Medium,None,2,4,3,4,1,2,3,49,99,0,3539.0,0,0,1,92,2025-04-11 14:59:20
DR-00683,2025-01-11 09:11:18,Pear,0.66,4,6,0.0,0.0,0.0,58.2,60.5,32.6,41.8,Medium,None,2,1,4,4,2,1,1,37,5,1,2224.0,0,0,0,354,
DR-00684,2025-01-12 09:32:50,Princess,0.8,3,10,0.0,0.0,0.0,55.9,62.1,33.1,41.1,Medium,None,2,3,1,3,1,0,5,40,6,0,840.0,0,0,0,353,
DR-00685,2025-01-12 14:51:47,Princess,0.76,3,7,0.0,0.0,0.0,55.0,63.7,34.9,41.4,Medium,None,1,4,1,4,1,1,5,116,97,1,2663.0,0,0,1,58,2025-03-11 17:43:47
DR-00686,2025-01-12 17:07:36,Marquise,0.74,2,7,0.0,0.0,0.0,60.4,60.2,32.3,41.5,Medium,None,1,3,2,3,1,3,5,90,70,1,3426.0,0,0,0,353,
DR-00687,2025-01-12 18:06:00,Princess,0.68,6,9,0.0,0.0,0.0,64.8,61.0,35.6,41.8,Medium,None,4,4,3,4,1,3,2,88,5,1,631.0,0,0,0,352,
DR-00688,2025-01-13 14:27:38,Round,1.03,3,5,0.0,0.0,0.0,60.5,62.8,35.7,41.4,Medium,None,4,2,1,4,2,1,1,20,84,-1,7817.0,0,0,0,352,
DR-00689,2025-01-14 14:29:20,Marquise,0.57,4,3,0.0,0.0,0.0,56.1,63.6,35.8,41.2,Medium,None,4,1,1,4,1,3,5,83,65,1,3629.0,0,1,0,351,
DR-00690,2025-01-16 12:03:49,Asscher,1.18,7,4,0.0,0.0,0.0,60.2,62.7,34.4,40.0,Medium,None,4,2,1,4,1,1,4,30,23,0,6814.0,0,0,0,349,
DR-00691,2025-01-16 14:19:38,Princess,0.61,3,4,0.0,0.0,0.0,61.7,61.0,32.0,41.8,Medium,None,3,2,3,3,1,1,2,65,15,0,5195.0,0,0,1,47,2025-03-04 09:55:38
DR-00692,2025-01-17 17:12:13,Cushion,0.86,8,4,0.0,0.0,0.0,58.2,62.7,35.4,40.8,Medium,None,3,3,2,3,1,1,5,26,75,-1,4508.0,0,0,1,42,2025-02-28 19:27:13
DR-00693,2025-01-21 10:36:50,Marquise,0.97,6,9,0.0,0.0,0.0,61.7,59.3,34.4,40.8,Medium,None,1,2,2,2,3,3,2,65,65,0,1914.0,0,0,0,344,
DR-00694,2025-01-21 12:11:45,Princess,0.41,5,3,0.0,0.0,0.0,62.1,61.0,33.5,41.0,Medium,None,2,2,2,2,1,1,1,57,26,0,2892.0,0,0,1,86,2025-04-17 10:44:45
DR-00695,2025-01-22 18:39:48,Heart,0.77,5,6,0.0,0.0,0.0,64.0,62.9,35.4,41.9,Medium,None,4,2,1,4,1,1,3,58,32,0,2523.0,0,0,1,104,2025-05-06 17:36:48
DR-00696,2025-01-23 09:14:15,Cushion,0.74,6,6,0.0,0.0,0.0,61.9,61.1,33.2,41.1,Medium,None,2,1,1,2,1,3,3,41,42,1,3007.0,0,0,1,79,2025-04-12 11:16:15
DR-00697,2025-01-23 10:05:20,Asscher,1.29,6,7,0.0,0.0,0.0,64.9,59.2,32.6,41.1,Medium,None,1,1,2,2,2,3,2,99,10,1,6003.0,0,0,1,16,2025-02-08 14:28:20
DR-00698,2025-01-26 09:58:31,Princess,0.49,4,4,0.0,0.0,0.0,59.6,60.5,34.1,41.0,Medium,None,2,3,1,3,1,3,5,31,99,0,3066.0,0,0,0,339,
DR-00699,2025-01-27 09:38:05,Oval,0.93,4,5,0.0,0.0,0.0,54.5,61.9,34.8,40.3,Medium,None,1,3,2,3,3,0,1,44,58,0,7147.0,0,0,1,54,2025-03-22 13:49:05
DR-00700,2025-01-28 10:45:07,Round,0.61,7,1,0.0,0.0,0.0,59.3,60.1,35.5,40.7,Medium,None,1,2,2,2,1,1,2,93,78,0,5565.0,0,0,1,89,2025-04-27 14:10:07
DR-00701,2025-01-28 12:22:40,Emerald,0.53,4,6,0.0,0.0,0.0,61.2,62.1,33.1,41.9,Medium,None,1,1,2,2,1,1,4,84,50,0,2278.0,0,0,0,337,
DR-00702,2025-01-28 14:50:48,Oval,0.41,5,3,0.0,0.0,0.0,57.3,62.1,32.1,40.5,Medium,None,3,1,3,3,1,3,5,39,42,0,2325.0,0,0,1,66,2025-04-04 09:55:48
DR-00703,2025-01-28 15:22:53,Marquise,0.39,7,8,0.0,0.0,0.0,58.6,63.7,34.2,41.8,Medium,None,2,2,4,4,1,1,2,44,83,1,500.0,0,0,0,337,
DR-00704,2025-01-28 17:55:25,Round,0.64,4,6,0.0,0.0,0.0,54.1,59.4,35.1,40.8,Medium,None,4,2,3,4,1,1,2,34,60,0,2036.0,0,0,0,337,
DR-00705,2025-01-29 09:37:33,Emerald,1.94,5,5,0.0,0.0,0.0,61.2,60.1,35.9,41.5,Medium,None,1,2,1,2,4,1,2,49,98,0,27862.0,0,0,1,16,2025-02-14 05:04:33
DR-00706,2025-02-01 11:49:31,Pear,0.74,5,5,0.0,0.0,0.0,59.7,59.2,33.6,40.6,Medium,None,1,2,1,2,4,1,1,93,95,0,5349.0,0,0,1,46,2025-03-19 13:17:31
DR-00707,2025-02-03 17:26:59,Heart,0.62,3,4,0.0,0.0,0.0,63.3,60.0,33.9,40.5,Medium,None,2,1,1,2,1,1,4,111,48,1,5880.0,0,0,1,30,2025-03-05 23:01:59
DR-00708,2025-02-04 18:15:56,Marquise,0.61,4,5,0.0,0.0,0.0,63.5,62.8,35.8,40.9,Medium,None,1,2,3,3,1,3,1,71,91,0,3724.0,0,0,0,329,
DR-00709,2025-02-05 10:44:41,Marquise,0.57,3,5,0.0,0.0,0.0,56.4,62.3,32.4,40.5,Medium,None,3,2,1,3,3,1,2,36,17,0,3779.0,0,0,1,62,2025-04-08 10:07:41
DR-00710,2025-02-06 14:31:03,Radiant,0.41,6,4,0.0,0.0,0.0,62.6,62.2,34.1,41.9,Medium,None,1,3,1,3,2,3,2,23,77,0,1573.0,0,0,0,328,
DR-00711,2025-02-06 18:02:28,Asscher,1.28,6,4,0.0,0.0,0.0,60.4,59.8,34.8,40.6,Medium,None,1,4,1,4,2,2,3,44,54,1,8546.0,0,0,1,55,2025-04-02 21:42:28
DR-00712,2025-02-08 13:01:11,Round,0.44,6,4,0.0,0.0,0.0,57.6,60.1,32.3,40.8,Medium,None,3,2,1,3,1,1,5,87,67,0,1867.0,0,1,1,43,2025-03-23 18:22:11
DR-00713,2025-02-10 09:32:16,Asscher,0.81,4,3,0.0,0.0,0.0,60.6,59.9,34.1,41.5,Medium,None,2,3,3,3,2,1,4,105,53,-1,8877.0,0,0,1,90,2025-05-11 08:47:16
DR-00714,2025-02-10 10:15:32,Cushion,1.32,1,4,0.0,0.0,0.0,55.5,60.0,35.1,40.2,Medium,None,3,1,1,3,4,2,3,77,5,0,22408.0,0,0,0,324,
DR-00715,2025-02-10 10:49:11,Asscher,1.18,3,5,0.0,0.0,0.0,54.9,59.6,32.2,41.9,Medium,None,2,3,2,3,4,1,4,26,98,0,13115.0,0,0,1,15,2025-02-25 14:48:11
DR-00716,2025-02-11 18:22:28,Cushion,0.87,10,5,0.0,0.0,0.0,56.8,62.2,34.7,41.5,Medium,None,2,2,2,2,1,1,1,113,55,1,2780.0,0,0,1,173,2025-08-03 19:48:28
DR-00717,2025-02-12 18:56:31,Pear,0.73,3,5,0.0,0.0,0.0,54.5,61.4,35.9,40.9,Medium,None,2,1,2,2,1,2,5,72,17,0,6640.0,0,0,0,321,
DR-00718,2025-02-14 18:15:55,Princess,0.56,3,2,0.0,0.0,0.0,61.3,63.2,32.3,41.1,Medium,None,4,1,2,4,2,3,1,118,42,0,4738.0,0,0,1,31,2025-03-17 20:07:55
DR-00719,2025-02-17 11:44:54,Radiant,0.89,3,7,0.0,0.0,0.0,55.1,60.7,32.3,40.5,Medium,None,1,2,2,2,1,3,5,21,61,0,5002.0,0,0,0,317,
DR-00720,2025-02-19 17:22:51,Oval,0.54,3,3,0.0,0.0,0.0,63.9,63.8,34.5,40.9,Medium,None,4,1,2,4,4,1,3,101,66,-1,3919.0,0,0,0,315,
DR-00721,2025-02-21 09:12:56,Radiant,1.53,2,5,0.0,0.0,0.0,54.0,59.2,32.1,40.4,Medium,None,3,3,1,3,2,3,4,70,67,1,22669.0,0,0,1,116,2025-06-17 06:18:56
DR-00722,2025-02-24 14:45:27,Round,0.38,4,5,0.0,0.0,0.0,64.0,62.1,35.8,40.6,Medium,None,3,2,2,3,1,1,1,28,96,0,1646.0,0,0,0,310,
DR-00723,2025-02-24 16:20:05,Heart,0.38,7,5,0.0,0.0,0.0,55.6,60.7,35.5,40.6,Medium,None,2,1,3,3,1,1,5,118,6,0,1070.0,0,0,1,73,2025-05-08 19:29:05
DR-00724,2025-03-01 18:38:52,Round,0.61,6,4,0.0,0.0,0.0,59.4,60.1,32.4,41.7,Medium,None,1,3,2,3,4,2,5,73,70,1,3096.0,0,1,1,25,2025-03-26 16:47:52
DR-00725,2025-03-02 10:33:31,Princess,1.16,8,6,0.0,0.0,0.0,62.4,60.2,32.2,41.7,Medium,None,3,3,1,3,3,3,5,15,18,-1,4290.0,0,0,0,304,
DR-00726,2025-03-04 10:50:59,Emerald,0.78,3,4,0.0,0.0,0.0,56.5,63.0,32.4,40.1,Medium,None,3,2,4,4,4,1,2,33,18,0,6278.0,0,0,1,41,2025-04-14 07:05:59
DR-00727,2025-03-06 11:33:25,Pear,0.66,7,6,0.0,0.0,0.0,61.2,63.4,32.5,41.5,Medium,None,2,3,1,3,1,3,5,74,94,1,1691.0,0,0,0,300,
DR-00728,2025-03-08 17:55:38,Oval,0.64,6,4,0.0,0.0,0.0,62.4,63.8,35.2,40.9,Medium,None,2,2,2,2,2,1,5,95,35,0,4000.0,0,0,1,105,2025-06-21 14:41:38
DR-00729,2025-03-09 10:12:47,Radiant,0.94,5,4,0.0,0.0,0.0,64.3,59.2,35.1,40.9,Medium,None,2,1,1,2,3,1,2,32,97,0,9376.0,0,0,1,19,2025-03-28 09:41:47
DR-00730,2025-03-10 10:11:56,Cushion,0.45,3,4,0.0,0.0,0.0,54.1,62.9,33.7,41.8,Medium,None,4,2,1,4,1,1,4,115,55,0,2338.0,0,0,1,92,2025-06-10 07:38:56
DR-00731,2025-03-12 10:32:59,Pear,0.48,2,7,0.0,0.0,0.0,58.0,60.5,33.3,41.8,Medium,None,4,1,2,4,1,1,1,30,26,1,1287.0,0,0,0,294,
DR-00732,2025-03-12 10:34:11,Asscher,1.0,5,5,0.0,0.0,0.0,57.8,63.7,35.7,40.1,Medium,None,1,2,1,2,1,0,1,101,74,1,8863.0,0,0,1,45,2025-04-26 16:26:11
DR-00733,2025-03-12 10:44:34,Radiant,0.49,2,7,0.0,0.0,0.0,59.8,60.9,35.4,41.7,Medium,None,2,3,2,3,1,3,3,36,82,1,1677.0,0,0,1,50,2025-05-01 15:33:34
DR-00734,2025-03-14 10:43:41,Emerald,0.95,7,5,0.0,0.0,0.0,58.4,63.6,35.8,41.1,Medium,None,1,1,2,2,1,3,1,48,74,0,6099.0,0,0,0,292,
DR-00735,2025-03-15 14:53:52,Oval,0.83,6,5,0.0,0.0,0.0,59.3,59.8,35.4,40.9,Medium,None,2,4,1,4,1,1,1,116,49,0,3664.0,0,0,1,53,2025-05-07 18:54:52
DR-00736,2025-03-15 18:15:29,Emerald,0.83,4,5,0.0,0.0,0.0,64.4,61.2,34.7,40.4,Medium,None,4,2,3,4,2,0,2,36,12,0,5131.0,0,0,0,290,
DR-00737,2025-03-16 09:25:11,Pear,0.56,2,7,0.0,0.0,0.0,54.0,59.7,35.4,40.5,Medium,None,2,2,2,2,1,2,2,56,77,0,2557.0,0,0,1,104,2025-06-28 11:09:11
DR-00738,2025-03-17 10:35:19,Princess,0.9,1,4,0.0,0.0,0.0,64.4,62.6,35.9,40.7,Medium,None,2,4,1,4,2,3,1,22,24,1,9286.0,0,0,1,85,2025-06-10 14:24:19
DR-00739,2025-03-17 10:54:13,Cushion,0.61,6,4,0.0,0.0,0.0,59.4,60.3,34.6,40.5,Medium,None,2,1,3,3,1,1,2,18,37,0,3071.0,0,0,1,54,2025-05-10 11:35:13
DR-00740,2025-03-17 18:47:47,Round,0.78,3,2,0.0,0.0,0.0,58.5,61.7,32.1,40.9,Medium,None,2,4,2,4,2,3,2,31,45,0,8184.0,0,0,0,288,
DR-00741,2025-03-18 09:33:24,Round,0.95,1,6,0.0,0.0,0.0,57.1,61.6,34.6,40.2,Medium,None,4,1,1,4,2,1,4,91,83,1,5868.0,0,0,0,288,
DR-00742,2025-03-19 09:46:41,Cushion,0.76,4,4,0.0,0.0,0.0,57.2,60.8,35.1,40.3,Medium,None,2,3,1,3,3,1,5,23,16,0,6474.0,0,0,1,1,2025-03-20 08:23:41
DR-00743,2025-03-19 11:29:55,Oval,0.77,4,5,0.0,0.0,0.0,64.2,59.0,32.5,41.2,Medium,None,4,2,1,4,2,3,4,16,82,1,4278.0,0,0,0,287,
DR-00744,2025-03-21 10:31:31,Round,0.71,6,5,0.0,0.0,0.0,56.0,62.2,32.6,41.0,Medium,None,2,2,3,3,1,1,5,89,96,0,3313.0,0,0,0,285,
DR-00745,2025-03-21 17:42:59,Cushion,0.57,3,8,0.0,0.0,0.0,63.7,61.3,32.8,41.2,Medium,None,3,1,2,3,1,1,5,92,13,0,1539.0,0,0,0,285,
DR-00746,2025-03-26 09:23:41,Princess,0.44,4,3,0.0,0.0,0.0,58.9,62.1,33.9,41.3,Medium,None,4,1,1,4,2,3,2,34,35,0,2447.0,0,0,1,8,2025-04-03 10:59:41
DR-00747,2025-03-26 12:22:40,Princess,0.67,4,8,0.0,0.0,0.0,56.7,61.1,32.9,41.0,Medium,None,2,2,4,4,1,1,1,37,61,0,1416.0,0,0,1,58,2025-05-23 16:35:40
DR-00748,2025-03-26 14:03:34,Emerald,0.21,4,4,0.0,0.0,0.0,56.1,59.8,33.7,40.7,Medium,None,1,1,1,1,1,2,2,25,66,0,1062.0,0,0,0,280,
DR-00749,2025-03-26 17:13:47,Emerald,0.55,4,3,0.0,0.0,0.0,61.2,59.5,34.6,40.6,Medium,None,3,2,1,3,1,1,2,23,71,1,4359.0,0,0,1,54,2025-05-19 22:59:47
DR-00750,2025-03-28 09:31:40,Princess,0.63,3,7,0.0,0.0,0.0,62.3,59.1,35.8,41.5,Medium,None,2,3,2,3,2,3,4,46,83,0,2284.0,0,0,1,54,2025-05-21 08:14:40
DR-00751,2025-03-31 19:22:53,Princess,0.61,10,5,0.0,0.0,0.0,63.0,59.7,35.1,41.6,Medium,None,1,2,2,2,1,1,4,27,43,0,1607.0,0,0,1,39,2025-05-09 16:32:53
DR-00752,2025-04-01 18:17:03,Cushion,0.68,5,5,0.0,0.0,0.0,59.5,63.5,33.4,40.8,Medium,None,1,3,3,3,4,1,5,89,69,0,3888.0,0,1,1,80,2025-06-20 16:57:03
DR-00753,2025-04-02 14:05:45,Round,1.19,6,6,0.0,0.0,0.0,64.3,61.6,34.9,41.1,Medium,None,2,2,2,2,2,3,2,74,97,0,6728.0,0,0,0,273,
DR-00754,2025-04-03 10:27:25,Oval,0.4,1,4,0.0,0.0,0.0,54.1,62.5,32.6,41.6,Medium,None,4,4,3,4,2,3,4,38,80,1,2413.0,0,0,1,38,2025-05-11 07:02:25
DR-00755,2025-04-04 18:59:43,Emerald,0.77,7,1,0.0,0.0,0.0,58.7,60.2,35.9,40.3,Medium,None,3,2,1,3,2,1,4,85,5,0,6703.0,0,0,0,270,
DR-00756,2025-04-05 14:19:26,Round,0.62,3,4,0.0,0.0,0.0,63.9,61.8,32.7,40.1,Medium,None,3,3,2,3,2,0,1,77,96,0,5252.0,0,0,1,42,2025-05-17 19:06:26
DR-00757,2025-04-06 10:00:17,Heart,0.34,9,6,0.0,0.0,0.0,57.0,63.2,33.5,41.0,Medium,None,2,3,1,3,1,1,2,15,17,-1,500.0,0,0,1,73,2025-06-18 05:49:17
DR-00758,2025-04-06 18:24:14,Emerald,0.6,5,5,0.0,0.0,0.0,57.9,59.3,35.8,40.3,Medium,None,3,2,2,3,2,1,1,46,58,0,3114.0,0,0,0,268,
DR-00759,2025-04-07 13:34:07,Princess,0.92,6,5,0.0,0.0,0.0,55.7,63.8,34.8,40.8,Medium,None,1,1,4,4,4,1,1,65,57,-1,4243.0,0,0,1,79,2025-06-25 14:19:07
DR-00760,2025-04-08 10:33:43,Emerald,1.1,7,10,0.0,0.0,0.0,59.3,60.5,34.6,40.5,Medium,None,1,3,2,3,1,1,2,82,22,1,855.0,0,0,1,60,2025-06-07 11:53:43
DR-00761,2025-04-11 09:40:34,Round,0.87,5,7,0.0,0.0,0.0,58.1,62.9,35.2,40.9,Medium,None,3,4,2,4,4,0,4,102,39,1,2465.0,0,0,0,264,
DR-00762,2025-04-11 10:43:47,Cushion,0.32,4,3,0.0,0.0,0.0,54.2,61.0,35.7,40.2,Medium,None,2,1,2,2,2,1,1,103,32,0,2183.0,0,0,1,78,2025-06-28 15:22:47
DR-00763,2025-04-12 18:37:33,Heart,1.53,3,5,0.0,0.0,0.0,58.1,59.3,35.7,41.8,Medium,None,3,1,2,3,1,1,3,62,45,1,19817.0,0,0,0,262,
DR-00764,2025-04-13 18:20:01,Cushion,0.4,2,6,0.0,0.0,0.0,56.8,60.8,34.5,41.5,Medium,None,4,1,1,4,1,3,1,43,58,1,1183.0,0,0,1,39,2025-05-22 17:31:01
DR-00765,2025-04-14 10:05:32,Pear,1.13,7,4,0.0,0.0,0.0,60.5,62.1,32.6,40.4,Medium,None,2,3,2,3,1,3,2,48,6,0,8283.0,0,0,1,98,2025-07-21 13:30:32
DR-00766,2025-04-18 16:32:33,Radiant,0.53,3,8,0.0,0.0,0.0,62.3,59.2,33.4,41.9,Medium,None,1,3,2,3,2,1,1,72,47,0,1299.0,0,0,0,257,
DR-00767,2025-04-18 17:52:57,Princess,0.63,4,4,0.0,0.0,0.0,64.6,60.5,33.5,40.1,Medium,None,4,1,3,4,3,1,2,94,62,0,3598.0,0,0,0,257,
DR-00768,2025-04-20 13:20:18,Asscher,0.95,7,4,0.0,0.0,0.0,64.6,60.2,35.3,42.0,Medium,None,2,3,1,3,1,1,2,115,45,0,6084.0,0,0,1,42,2025-06-01 14:21:18
DR-00769,2025-04-20 15:10:12,Emerald,0.5,4,4,0.0,0.0,0.0,61.0,59.4,32.6,40.2,Medium,None,4,1,1,4,1,1,3,18,90,-1,2519.0,0,0,1,53,2025-06-12 16:10:12
DR-00770,2025-04-21 16:26:03,Marquise,0.43,3,9,0.0,0.0,0.0,60.3,63.7,33.9,40.3,Medium,None,3,3,4,4,2,3,2,57,34,0,500.0,0,0,1,40,2025-05-31 17:28:03
DR-00771,2025-04-22 09:38:33,Cushion,0.68,5,5,0.0,0.0,0.0,65.0,63.3,35.8,41.1,Medium,None,1,1,1,1,2,1,3,97,95,0,5615.0,0,0,1,20,2025-05-12 14:38:33
DR-00772,2025-04-23 16:27:34,Princess,1.12,4,2,0.0,0.0,0.0,60.6,63.2,32.1,40.3,Medium,None,1,2,4,4,3,1,2,109,65,-1,13392.0,0,0,1,19,2025-05-12 12:31:34
DR-00773,2025-04-23 18:24:31,Pear,0.71,5,2,0.0,0.0,0.0,57.5,62.2,34.5,41.1,Medium,None,2,1,1,2,2,1,4,66,22,0,7976.0,0,0,1,59,2025-06-21 20:46:31
DR-00774,2025-04-24 18:07:11,Marquise,1.71,10,5,0.0,0.0,0.0,58.7,61.3,33.5,41.3,Medium,None,1,4,1,4,2,3,3,19,73,0,5714.0,0,0,1,59,2025-06-22 13:49:11
DR-00775,2025-04-25 09:46:15,Asscher,1.62,8,5,0.0,0.0,0.0,55.8,61.0,32.6,41.5,Medium,None,3,2,3,3,2,1,3,24,98,1,11251.0,0,0,1,46,2025-06-10 10:47:15
DR-00776,2025-04-25 19:19:05,Heart,1.08,7,4,0.0,0.0,0.0,60.3,60.0,33.2,41.3,Medium,None,1,3,4,4,2,1,3,116,74,1,6027.0,0,0,0,249,
DR-00777,2025-04-27 10:00:22,Emerald,1.04,10,2,0.0,0.0,0.0,57.2,59.7,35.6,41.6,Medium,None,3,2,4,4,2,1,1,25,89,1,4177.0,0,0,0,248,
DR-00778,2025-04-28 10:50:53,Oval,0.5,3,6,0.0,0.0,0.0,55.5,61.2,33.5,41.6,Medium,None,3,3,3,3,1,1,5,119,36,0,1884.0,0,0,1,66,2025-07-03 11:05:53
DR-00779,2025-04-29 10:03:16,Heart,1.13,5,5,0.0,0.0,0.0,61.3,59.6,35.2,40.3,Medium,None,4,2,1,4,3,1,1,61,80,1,6881.0,0,0,1,38,2025-06-06 09:51:16
DR-00780,2025-04-29 17:11:16,Emerald,1.17,5,8,0.0,0.0,0.0,59.7,60.7,32.1,40.9,Medium,None,2,4,2,4,1,1,1,81,14,0,2912.0,0,0,0,246,
DR-00781,2025-04-30 09:04:13,Round,1.29,4,3,0.0,0.0,0.0,54.0,60.0,32.5,41.3,Medium,None,2,1,1,2,2,1,3,82,50,0,22975.0,1,0,1,70,2025-07-09 05:25:13
DR-00782,2025-04-30 09:29:07,Marquise,0.89,4,5,0.0,0.0,0.0,61.4,62.7,32.6,40.6,Medium,None,2,2,1,2,1,1,2,106,39,0,7891.0,0,0,1,118,2025-08-26 12:44:07
DR-00783,2025-04-30 14:22:27,Emerald,0.49,5,8,0.0,0.0,0.0,61.2,61.2,32.3,41.3,Medium,None,3,2,4,4,2,1,4,116,19,0,666.0,0,0,1,103,2025-08-11 16:37:27
DR-00784,2025-05-02 09:27:30,Princess,0.95,5,7,0.0,0.0,0.0,54.7,61.3,35.7,41.3,Medium,None,3,4,1,4,2,1,2,98,75,1,2708.0,0,0,1,117,2025-08-27 07:41:30
DR-00785,2025-05-02 17:03:25,Emerald,1.5,5,3,0.0,0.0,0.0,59.9,63.0,36.0,40.6,Medium,None,1,2,1,2,4,1,1,63,16,0,25640.0,0,0,1,50,2025-06-21 21:53:25
DR-00786,2025-05-04 19:02:10,Round,0.65,9,3,0.0,0.0,0.0,55.2,59.2,34.5,41.1,Medium,None,2,4,1,4,2,1,3,115,84,0,2389.0,0,0,1,108,2025-08-20 19:41:10
DR-00787,2025-05-08 13:02:57,Emerald,0.53,3,5,0.0,0.0,0.0,54.2,63.1,35.2,40.3,Medium,None,2,4,2,4,1,1,2,15,60,0,2482.0,0,0,1,37,2025-06-14 12:32:57
DR-00788,2025-05-08 18:26:19,Oval,1.18,9,3,0.0,0.0,0.0,62.0,61.6,32.6,40.4,Medium,None,1,1,4,4,3,1,2,92,38,0,6682.0,0,0,1,96,2025-08-12 16:26:19
DR-00789,2025-05-09 17:30:52,Emerald,1.1,7,8,0.0,0.0,0.0,57.8,63.4,34.5,41.4,Medium,None,2,1,1,2,1,1,1,85,27,0,3119.0,0,0,1,83,2025-07-31 16:47:52
DR-00790,2025-05-12 11:40:05,Round,1.12,7,3,0.0,0.0,0.0,64.3,61.3,35.1,41.4,Medium,None,2,3,2,3,1,1,2,92,88,-1,10001.0,0,0,1,70,2025-07-21 12:50:05
DR-00791,2025-05-14 10:27:29,Pear,0.9,7,9,0.0,0.0,0.0,61.2,62.0,33.7,40.0,Medium,None,3,1,2,3,2,1,4,88,99,0,1207.0,0,0,0,231,
DR-00792,2025-05-15 10:19:46,Pear,0.95,6,2,0.0,0.0,0.0,64.5,61.3,34.2,41.8,Medium,None,2,3,3,3,1,1,3,64,67,0,8941.0,0,0,1,34,2025-06-18 06:12:46
DR-00793,2025-05-16 09:03:39,Marquise,0.71,5,7,0.0,0.0,0.0,64.6,61.2,34.3,41.4,Medium,None,3,3,3,3,3,1,2,21,94,0,2173.0,0,0,0,229,
DR-00794,2025-05-18 17:31:04,Radiant,0.69,5,4,0.0,0.0,0.0,58.0,61.3,35.6,41.4,Medium,None,1,3,1,3,1,3,4,36,24,0,4756.0,0,0,1,41,2025-06-28 15:50:04
DR-00795,2025-05-20 17:21:09,Heart,0.74,3,2,0.0,0.0,0.0,59.3,62.3,33.6,41.8,Medium,None,4,2,2,4,1,3,1,106,77,0,7582.0,0,0,0,225,
DR-00796,2025-05-22 18:45:36,Heart,0.49,5,10,0.0,0.0,0.0,62.3,62.9,33.1,40.6,Medium,None,2,2,1,2,3,3,3,38,67,0,500.0,0,0,0,222,
DR-00797,2025-05-23 11:12:01,Round,1.11,4,6,0.0,0.0,0.0,61.2,60.2,34.3,41.7,Medium,None,1,1,2,2,1,1,1,23,19,0,8132.0,0,0,1,41,2025-07-03 13:59:01
DR-00798,2025-05-26 18:57:38,Radiant,0.84,4,10,0.0,0.0,0.0,58.6,61.9,35.4,40.3,Medium,None,3,4,1,4,1,1,4,27,78,0,687.0,0,0,1,146,2025-10-19 21:36:38
DR-00799,2025-05-27 16:27:00,Pear,1.17,1,3,0.0,0.0,0.0,55.2,60.2,35.1,41.6,Medium,None,1,2,1,2,4,1,2,91,22,1,27968.0,1,0,1,46,2025-07-12 12:56:00
DR-00800,2025-05-29 09:25:26,Princess,1.24,3,2,0.0,0.0,0.0,63.8,60.6,34.2,41.9,Medium,None,1,1,1,1,2,1,2,70,84,0,35930.0,1,0,1,1,2025-05-30 08:55:26
DR-00801,2025-05-29 13:52:07,Asscher,1.47,5,4,0.0,0.0,0.0,60.7,63.1,34.2,41.3,Medium,None,1,2,4,4,1,3,1,56,21,1,13233.0,0,0,1,53,2025-07-21 15:41:07
DR-00802,2025-05-31 16:05:26,Marquise,0.5,6,6,0.0,0.0,0.0,61.2,63.1,34.7,40.1,Medium,None,3,2,3,3,4,1,1,75,33,1,1229.0,0,0,0,214,
DR-00803,2025-06-01 09:39:16,Radiant,1.06,8,7,0.0,0.0,0.0,61.8,61.6,35.5,40.0,Medium,None,2,1,1,2,2,3,5,88,51,0,3349.0,0,0,1,51,2025-07-22 11:21:16
DR-00804,2025-06-03 10:42:22,Pear,0.82,4,10,0.0,0.0,0.0,59.5,63.7,33.4,40.5,Medium,None,3,4,4,4,1,1,4,116,21,0,618.0,0,0,1,80,2025-08-22 10:33:22
DR-00805,2025-06-04 09:44:20,Princess,0.77,9,4,0.0,0.0,0.0,60.6,61.2,32.4,40.8,Medium,None,1,1,3,3,4,1,1,82,78,1,3340.0,0,0,0,210,
DR-00806,2025-06-04 10:16:14,Radiant,0.91,2,3,0.0,0.0,0.0,58.1,60.0,33.7,41.2,Medium,None,2,1,2,2,2,1,2,17,52,0,15921.0,0,0,0,210,
DR-00807,2025-06-05 11:51:46,Heart,0.55,4,2,0.0,0.0,0.0,62.4,60.4,34.1,40.5,Medium,None,1,2,2,2,1,1,1,46,84,0,6276.0,0,0,0,209,
DR-00808,2025-06-05 18:16:38,Cushion,0.58,3,5,0.0,0.0,0.0,64.9,59.8,33.7,41.0,Medium,None,4,4,2,4,3,1,1,74,16,0,3152.0,0,0,1,81,2025-08-25 19:00:38
DR-00809,2025-06-08 09:00:52,Princess,0.56,3,5,0.0,0.0,0.0,55.6,62.7,32.2,40.9,Medium,None,4,2,2,4,1,1,5,111,44,0,2994.0,0,1,1,53,2025-07-31 05:06:52
DR-00810,2025-06-10 09:56:29,Heart,0.58,7,3,0.0,0.0,0.0,57.4,61.4,34.8,40.3,Medium,None,3,2,2,3,1,1,3,19,47,0,3203.0,0,0,1,55,2025-08-04 10:16:29
DR-00811,2025-06-12 10:52:59,Heart,0.96,7,1,0.0,0.0,0.0,54.9,59.4,32.4,41.2,Medium,None,3,3,2,3,2,1,5,115,54,1,9695.0,0,0,1,53,2025-08-04 12:25:59
DR-00812,2025-06-13 15:34:08,Princess,0.8,5,5,0.0,0.0,0.0,62.3,59.5,35.7,41.5,Medium,None,2,1,3,3,1,1,5,111,54,1,4997.0,0,0,1,66,2025-08-18 11:04:08
DR-00813,2025-06-16 12:09:42,Asscher,0.61,5,1,0.0,0.0,0.0,57.1,63.2,33.9,40.3,Medium,None,2,1,2,2,1,1,1,62,83,0,7472.0,0,0,0,198,
DR-00814,2025-06-17 09:59:58,Radiant,0.6,10,5,0.0,0.0,0.0,62.9,61.3,33.9,40.4,Medium,None,2,1,3,3,1,3,3,108,58,0,1285.0,0,0,0,197,
DR-00815,2025-06-19 14:15:14,Princess,1.05,7,3,0.0,0.0,0.0,61.3,63.7,32.8,41.2,Medium,None,2,2,4,4,2,1,1,81,58,1,6615.0,0,0,1,1,2025-06-20 17:14:14
DR-00816,2025-06-21 10:06:07,Heart,1.04,4,7,0.0,0.0,0.0,59.6,63.8,34.4,41.1,Medium,None,2,3,4,4,2,3,2,107,78,0,3928.0,0,0,1,104,2025-10-03 12:18:07
DR-00817,2025-06-23 18:54:06,Emerald,0.91,4,2,0.0,0.0,0.0,55.8,62.1,32.8,40.7,Medium,None,3,1,3,3,1,3,1,93,67,1,11407.0,0,0,1,36,2025-07-29 23:47:06
DR-00818,2025-06-24 10:09:53,Asscher,0.76,9,1,0.0,0.0,0.0,56.6,63.6,35.1,41.1,Medium,None,2,1,3,3,1,0,4,41,92,0,5044.0,0,0,0,190,
DR-00819,2025-06-24 17:51:41,Pear,0.29,8,2,0.0,0.0,0.0,56.3,62.4,34.0,41.7,Medium,None,2,3,2,3,3,1,3,87,35,1,984.0,0,0,1,63,2025-08-26 21:36:41
DR-00820,2025-06-25 09:50:48,Princess,0.9,3,5,0.0,0.0,0.0,60.4,61.2,33.9,40.7,Medium,None,2,1,2,2,2,1,1,45,35,1,9953.0,0,0,0,189,
DR-00821,2025-06-26 13:05:26,Emerald,0.4,4,3,0.0,0.0,0.0,61.8,59.2,33.1,41.0,Medium,None,2,3,1,3,3,1,5,67,98,0,2708.0,0,0,1,60,2025-08-25 14:17:26
DR-00822,2025-06-27 15:04:51,Asscher,0.97,8,4,0.0,0.0,0.0,54.3,61.8,34.8,41.5,Medium,None,3,1,3,3,2,1,1,22,80,0,5648.0,0,0,1,100,2025-10-05 11:19:51
DR-00823,2025-06-27 17:04:57,Cushion,0.51,4,5,0.0,0.0,0.0,63.3,62.3,33.5,41.2,Medium,None,4,2,1,4,1,1,4,51,25,0,2137.0,0,0,1,95,2025-09-30 18:24:57
DR-00824,2025-06-28 11:25:10,Round,0.36,3,4,0.0,0.0,0.0,54.4,59.5,35.0,41.3,Medium,None,3,2,1,3,2,1,5,42,89,0,2124.0,0,0,1,68,2025-09-04 08:54:10
DR-00825,2025-06-29 10:03:04,Oval,1.22,2,2,0.0,0.0,0.0,54.7,59.3,33.4,41.6,Medium,None,3,2,1,3,1,3,3,56,25,0,25308.0,0,0,1,1,2025-06-30 10:27:04
DR-00826,2025-06-30 10:23:41,Radiant,0.69,4,4,0.0,0.0,0.0,64.6,61.8,35.8,41.0,Medium,None,1,1,1,1,3,1,2,26,28,0,8304.0,0,0,1,49,2025-08-18 16:14:41
DR-00827,2025-06-30 14:19:40,Princess,0.58,7,2,0.0,0.0,0.0,62.3,60.1,32.5,41.3,Medium,None,2,3,2,3,2,1,1,114,19,1,3624.0,0,0,1,59,2025-08-28 10:35:40
DR-00828,2025-07-01 10:28:41,Princess,1.43,3,3,0.0,0.0,0.0,56.5,60.2,32.6,40.3,Medium,None,3,2,1,3,1,3,2,95,20,1,25314.0,0,0,1,12,2025-07-13 15:12:41
DR-00829,2025-07-01 10:55:00,Radiant,0.96,3,7,0.0,0.0,0.0,62.2,60.8,35.5,40.0,Medium,None,2,2,1,2,3,1,3,37,50,1,5701.0,0,0,1,32,2025-08-02 15:42:00
DR-00830,2025-07-04 18:02:37,Radiant,0.92,3,6,0.0,0.0,0.0,61.9,61.1,32.3,40.4,Medium,None,4,2,2,4,1,1,5,116,75,0,4500.0,0,1,1,40,2025-08-13 23:58:37
DR-00831,2025-07-06 09:36:44,Princess,0.47,10,7,0.0,0.0,0.0,61.6,61.3,34.1,41.1,Medium,None,2,2,1,2,2,3,5,113,55,0,514.0,0,0,1,119,2025-11-02 08:29:44
DR-00832,2025-07-07 18:05:49,Round,1.07,5,3,0.0,0.0,0.0,59.4,61.6,34.8,41.2,Medium,None,1,2,4,4,1,1,2,36,16,0,9620.0,0,0,1,16,2025-07-23 23:12:49
DR-00833,2025-07-09 18:05:55,Pear,0.64,2,4,0.0,0.0,0.0,63.2,62.9,35.6,40.8,Medium,None,2,2,1,2,2,1,1,114,25,0,7007.0,0,0,0,174,
DR-00834,2025-07-11 16:52:05,Heart,0.8,2,4,0.0,0.0,0.0,61.7,60.7,35.3,41.8,Medium,None,3,1,1,3,3,1,5,81,48,0,9256.0,0,0,1,65,2025-09-14 17:43:05
DR-00835,2025-07-12 10:09:58,Radiant,0.81,5,4,0.0,0.0,0.0,58.5,63.4,34.5,41.6,Medium,None,2,2,1,2,3,1,5,57,82,1,7203.0,0,0,1,52,2025-09-02 13:07:58
DR-00836,2025-07-13 10:40:26,Marquise,0.86,5,3,0.0,0.0,0.0,54.7,60.8,34.6,40.3,Medium,None,1,2,2,2,4,1,3,111,27,1,10266.0,0,0,1,18,2025-07-31 11:27:26
DR-00837,2025-07-13 13:16:02,Heart,1.11,5,3,0.0,0.0,0.0,60.1,60.9,34.4,41.6,Medium,None,3,2,3,3,3,1,1,39,53,0,12746.0,0,0,1,72,2025-09-23 12:35:02
DR-00838,2025-07-13 17:37:04,Pear,0.86,7,1,0.0,0.0,0.0,58.9,60.5,34.0,40.9,Medium,None,1,3,3,3,2,1,1,51,27,0,8004.0,0,0,1,103,2025-10-24 19:39:04
DR-00839,2025-07-15 09:12:32,Princess,0.63,4,9,0.0,0.0,0.0,63.1,61.3,34.3,41.7,Medium,None,1,4,1,4,1,1,4,85,57,0,810.0,0,0,1,117,2025-11-09 04:55:32
DR-00840,2025-07-17 10:48:53,Round,0.77,4,3,0.0,0.0,0.0,58.3,60.0,34.0,41.2,Medium,None,1,2,2,2,1,1,4,110,7,1,9262.0,0,0,1,40,2025-08-26 14:46:53
DR-00841,2025-07-19 10:42:04,Heart,0.48,9,2,0.0,0.0,0.0,57.2,59.8,33.8,40.2,Medium,None,1,2,4,4,3,1,5,79,11,0,1574.0,0,0,0,165,
DR-00842,2025-07-21 15:14:12,Heart,0.72,5,5,0.0,0.0,0.0,57.5,60.0,32.8,40.2,Medium,None,1,1,3,3,1,1,1,50,97,1,4024.0,0,0,0,163,
DR-00843,2025-07-22 09:39:12,Marquise,0.68,4,5,0.0,0.0,0.0,63.0,62.6,32.7,40.6,Medium,None,2,1,2,2,2,3,1,75,77,0,5357.0,0,0,1,119,2025-11-18 09:08:12
DR-00844,2025-07-23 14:49:59,Asscher,0.9,2,5,0.0,0.0,0.0,58.9,60.4,34.1,41.2,Medium,None,1,2,2,2,2,3,3,109,70,1,10878.0,0,0,0,161,
DR-00845,2025-07-24 09:08:31,Heart,0.56,2,6,0.0,0.0,0.0,64.2,59.7,35.1,41.3,Medium,None,1,2,2,2,2,1,4,44,90,0,3177.0,0,0,1,57,2025-09-19 05:54:31
DR-00846,2025-07-24 17:36:11,Oval,0.52,2,5,0.0,0.0,0.0,62.1,63.5,35.9,41.2,Medium,None,1,1,3,3,2,1,2,91,65,1,3482.0,0,0,1,58,2025-09-20 17:18:11
DR-00847,2025-07-25 09:53:48,Round,0.43,4,4,0.0,0.0,0.0,57.9,62.6,33.6,40.1,Medium,None,1,1,3,3,1,3,2,60,87,0,2384.0,0,0,1,55,2025-09-18 08:40:48
DR-00848,2025-07-25 15:54:05,Heart,1.14,4,2,0.0,0.0,0.0,56.6,61.9,33.4,40.1,Medium,None,2,2,4,4,3,3,4,92,43,-1,14634.0,0,0,1,17,2025-08-11 20:23:05
DR-00849,2025-07-26 19:38:58,Oval,1.18,4,1,0.0,0.0,0.0,54.2,62.7,34.4,40.1,Medium,None,2,3,2,3,3,1,1,99,40,0,22627.0,0,0,0,157,
DR-00850,2025-07-27 18:22:18,Radiant,0.58,5,3,0.0,0.0,0.0,56.0,62.9,34.8,40.2,Medium,None,1,1,2,2,1,1,4,65,36,1,5189.0,0,0,1,65,2025-09-30 20:57:18
DR-00851,2025-07-28 13:58:14,Asscher,0.41,3,3,0.0,0.0,0.0,64.9,60.1,35.7,41.7,Medium,None,1,2,3,3,1,3,4,72,91,0,3235.0,0,0,1,70,2025-10-06 11:03:14
DR-00852,2025-07-28 18:54:26,Heart,0.61,7,5,0.0,0.0,0.0,57.3,63.2,35.6,41.4,Medium,None,2,2,1,2,1,1,1,46,20,1,2916.0,0,0,0,155,
DR-00853,2025-07-30 09:21:10,Heart,0.53,6,5,0.0,0.0,0.0,64.3,63.3,35.8,40.3,Medium,None,3,1,2,3,1,1,4,99,54,-1,2024.0,0,0,1,75,2025-10-13 10:24:10
DR-00854,2025-07-30 10:45:12,Asscher,0.97,9,5,0.0,0.0,0.0,64.4,63.5,32.1,41.7,Medium,None,2,1,1,2,1,3,4,44,45,0,4933.0,0,0,1,107,2025-11-14 14:22:12
DR-00855,2025-07-31 10:57:53,Princess,0.35,6,3,0.0,0.0,0.0,60.6,60.4,33.6,40.8,Medium,None,3,2,1,3,1,1,3,40,19,0,1499.0,0,0,1,18,2025-08-18 10:02:53
DR-00856,2025-07-31 11:56:57,Cushion,0.44,5,6,0.0,0.0,0.0,54.7,60.3,33.2,40.2,Medium,None,1,3,2,3,2,0,3,115,79,1,1135.0,0,0,1,104,2025-11-12 09:48:57
DR-00857,2025-08-01 09:26:19,Round,0.57,2,6,0.0,0.0,0.0,56.3,60.3,33.4,41.1,Medium,None,1,2,1,2,1,1,1,113,11,0,3377.0,0,0,0,152,
DR-00858,2025-08-02 09:22:56,Emerald,0.55,7,2,0.0,0.0,0.0,62.5,63.6,33.1,40.0,Medium,None,2,2,1,2,4,1,4,84,86,0,3888.0,0,0,1,59,2025-09-30 07:10:56
DR-00859,2025-08-02 18:27:18,Oval,0.87,5,3,0.0,0.0,0.0,55.5,61.3,33.7,41.6,Medium,None,3,1,3,3,2,1,4,42,66,0,8487.0,0,0,1,60,2025-10-01 21:17:18
DR-00860,2025-08-06 11:06:01,Heart,1.41,3,4,0.0,0.0,0.0,58.7,61.9,34.2,41.8,Medium,None,3,2,2,3,2,1,5,105,98,1,20491.0,0,0,1,92,2025-11-06 06:49:01
DR-00861,2025-08-07 09:49:40,Emerald,1.11,4,5,0.0,0.0,0.0,59.6,61.4,33.6,40.9,Medium,None,3,2,1,3,2,2,1,82,74,0,9639.0,0,0,1,79,2025-10-25 10:21:40
DR-00862,2025-08-07 10:48:54,Marquise,0.97,6,3,0.0,0.0,0.0,59.5,60.6,35.4,40.1,Medium,None,2,1,1,2,3,1,4,78,53,0,9881.0,0,0,1,1,2025-08-08 13:33:54
DR-00863,2025-08-07 10:56:01,Cushion,0.55,5,5,0.0,0.0,0.0,59.9,60.9,34.1,40.0,Medium,None,3,4,2,4,2,1,5,55,50,1,2053.0,0,0,1,87,2025-11-02 09:06:01
DR-00864,2025-08-07 17:20:18,Emerald,0.91,5,6,0.0,0.0,0.0,54.8,62.5,34.3,41.4,Medium,None,2,4,3,4,2,1,2,33,72,0,3344.0,0,0,1,45,2025-09-21 13:02:18
DR-00865,2025-08-09 10:59:37,Asscher,0.88,7,3,0.0,0.0,0.0,57.9,60.9,34.5,41.2,Medium,None,2,1,2,2,2,1,4,81,48,0,7441.0,0,0,1,59,2025-10-07 09:56:37
DR-00866,2025-08-10 09:02:24,Cushion,0.55,7,3,0.0,0.0,0.0,54.8,59.3,33.2,40.7,Medium,None,2,2,3,3,3,3,5,114,83,0,2727.0,0,0,1,47,2025-09-26 04:41:24
DR-00867,2025-08-10 13:36:59,Round,0.86,5,2,0.0,0.0,0.0,59.3,59.7,34.4,41.3,Medium,None,4,3,3,4,4,1,4,103,49,0,7353.0,0,0,1,97,2025-11-15 15:20:59
DR-00868,2025-08-11 11:33:04,Heart,0.64,8,7,0.0,0.0,0.0,64.5,64.0,32.6,40.4,Medium,None,2,3,3,3,1,1,3,93,89,1,1140.0,0,0,1,85,2025-11-04 12:25:04
DR-00869,2025-08-12 09:31:03,Marquise,0.61,2,4,0.0,0.0,0.0,55.5,60.3,33.8,41.6,Medium,None,4,1,2,4,2,1,2,20,42,1,4341.0,0,0,1,48,2025-09-29 08:23:03
DR-00870,2025-08-13 09:45:05,Emerald,0.99,5,5,0.0,0.0,0.0,55.9,63.9,32.8,40.0,Medium,None,2,3,2,3,2,1,2,76,43,-1,6774.0,0,0,1,112,2025-12-03 08:05:05
DR-00871,2025-08-13 17:14:42,Asscher,0.97,8,9,0.0,0.0,0.0,60.9,62.1,35.5,41.5,Medium,None,2,2,2,2,2,1,5,119,30,0,1416.0,0,0,1,83,2025-11-04 17:04:42
DR-00872,2025-08-14 11:52:06,Cushion,0.65,7,3,0.0,0.0,0.0,56.7,60.8,35.7,41.2,Medium,None,1,1,1,1,1,1,2,27,85,0,5656.0,0,0,1,10,2025-08-24 07:54:06
DR-00873,2025-08-14 17:23:46,Round,0.73,2,5,0.0,0.0,0.0,61.6,60.8,32.1,41.7,Medium,None,2,1,2,2,3,2,3,55,49,0,7852.0,0,0,1,61,2025-10-14 15:26:46
DR-00874,2025-08-15 09:16:54,Asscher,0.86,3,2,0.0,0.0,0.0,63.3,63.7,32.7,41.3,Medium,None,3,1,1,3,4,1,4,105,72,0,11773.0,0,0,0,138,
DR-00875,2025-08-15 11:16:50,Oval,0.65,3,4,0.0,0.0,0.0,62.9,61.3,35.4,42.0,Medium,None,2,1,4,4,2,3,3,68,40,0,4587.0,0,0,1,97,2025-11-20 11:43:50
DR-00876,2025-08-15 19:20:46,Cushion,0.58,5,10,0.0,0.0,0.0,64.5,59.3,34.4,41.0,Medium,None,2,4,1,4,3,0,2,82,59,1,500.0,0,0,1,109,2025-12-02 23:23:46
DR-00877,2025-08-16 09:44:03,Asscher,1.15,5,1,0.0,0.0,0.0,59.7,60.7,34.2,41.7,Medium,None,2,2,4,4,1,1,5,85,11,0,14359.0,0,0,1,58,2025-10-13 08:50:03
DR-00878,2025-08-17 17:38:42,Radiant,0.66,5,3,0.0,0.0,0.0,58.0,63.0,35.7,41.5,Medium,None,1,2,3,3,2,1,2,39,18,0,5352.0,0,0,1,20,2025-09-06 16:32:42
DR-00879,2025-08-20 18:32:08,Heart,0.56,2,2,0.0,0.0,0.0,63.4,62.6,32.6,40.8,Medium,None,1,1,3,3,3,3,2,52,8,0,6772.0,0,0,1,1,2025-08-21 16:19:08
DR-00880,2025-08-21 17:30:15,Princess,1.11,6,3,0.0,0.0,0.0,61.0,61.3,33.1,41.5,Medium,None,2,2,2,2,3,1,1,17,88,-1,12782.0,0,0,1,56,2025-10-16 16:54:15
DR-00881,2025-08-23 10:23:40,Oval,0.64,3,4,0.0,0.0,0.0,63.5,60.8,32.1,41.6,Medium,None,2,2,2,2,1,1,3,77,65,0,6480.0,0,0,0,130,
DR-00882,2025-08-24 10:55:26,Heart,1.4,3,3,0.0,0.0,0.0,61.0,59.6,34.9,41.7,Medium,None,3,2,2,3,2,1,1,60,82,1,25417.0,0,0,1,1,2025-08-25 16:31:26
DR-00883,2025-08-26 11:30:23,Emerald,0.53,5,6,0.0,0.0,0.0,55.4,62.5,32.8,40.4,Medium,None,3,2,2,3,2,2,4,79,73,0,1633.0,0,0,1,49,2025-10-14 14:34:23
DR-00884,2025-08-26 12:56:42,Radiant,1.51,1,5,0.0,0.0,0.0,55.8,59.2,35.0,40.8,Medium,None,1,3,1,3,2,3,5,33,36,0,25271.0,0,0,1,40,2025-10-05 10:14:42
DR-00885,2025-08-26 15:36:23,Cushion,0.66,2,10,0.0,0.0,0.0,56.0,63.2,35.3,40.7,Medium,None,1,2,2,2,1,1,5,101,60,0,819.0,0,0,1,40,2025-10-05 20:43:23
DR-00886,2025-08-31 18:08:43,Heart,1.82,4,2,0.0,0.0,0.0,62.3,59.2,32.0,40.9,Medium,None,2,3,3,3,1,1,5,101,15,0,37027.0,0,0,0,121,
DR-00887,2025-09-02 16:15:01,Asscher,0.92,5,4,0.0,0.0,0.0,54.2,61.5,33.9,41.5,Medium,None,2,2,2,2,2,0,1,91,49,0,8627.0,0,0,0,120,
DR-00888,2025-09-04 10:11:55,Heart,1.05,5,5,0.0,0.0,0.0,54.8,62.1,34.2,40.7,Medium,None,2,2,2,2,1,1,5,109,11,1,9727.0,0,0,1,32,2025-10-06 05:52:55
DR-00889,2025-09-04 10:23:34,Emerald,1.46,5,3,0.0,0.0,0.0,63.1,63.8,34.3,41.7,Medium,None,2,2,4,4,1,1,5,75,78,0,16321.0,0,0,1,32,2025-10-06 12:01:34
DR-00890,2025-09-04 10:59:19,Oval,1.97,5,5,0.0,0.0,0.0,58.7,60.6,33.3,40.7,Medium,None,1,2,3,3,2,3,1,71,58,0,23188.0,0,0,1,49,2025-10-23 15:04:19
DR-00891,2025-09-04 17:44:09,Princess,0.89,6,6,0.0,0.0,0.0,54.8,60.9,35.8,41.6,Medium,None,2,4,4,4,3,1,4,29,96,0,2755.0,0,0,1,122,2026-01-04 17:48:09
DR-00892,2025-09-06 10:26:51,Princess,1.15,7,3,0.0,0.0,0.0,57.0,61.3,32.9,40.3,Medium,None,4,1,1,4,4,3,3,104,40,0,7893.0,0,0,1,72,2025-11-17 11:54:51
DR-00893,2025-09-08 17:26:21,Emerald,0.93,7,1,0.0,0.0,0.0,54.9,63.2,33.3,40.6,Medium,None,1,2,3,3,3,3,5,49,67,0,9189.0,0,0,1,71,2025-11-18 21:39:21
DR-00894,2025-09-08 18:41:03,Heart,1.43,4,2,0.0,0.0,0.0,64.5,59.3,34.7,41.2,Medium,None,1,2,3,3,3,1,2,70,53,1,26282.0,0,0,1,92,2025-12-09 21:54:03
DR-00895,2025-09-10 10:33:55,Asscher,1.27,5,6,0.0,0.0,0.0,60.5,60.3,32.7,40.9,Medium,None,4,4,2,4,3,2,2,104,90,1,5585.0,0,0,1,56,2025-11-05 15:25:55
DR-00896,2025-09-11 09:42:27,Asscher,1.08,3,6,0.0,0.0,0.0,55.0,62.5,34.6,40.5,Medium,None,2,3,2,3,1,1,2,31,38,0,7579.0,0,0,1,32,2025-10-13 12:15:27
DR-00897,2025-09-13 10:47:05,Round,0.6,6,5,0.0,0.0,0.0,55.6,61.9,32.7,40.1,Medium,None,3,2,4,4,1,1,5,89,95,0,1936.0,0,0,1,80,2025-12-02 07:26:05
DR-00898,2025-09-14 10:08:57,Radiant,0.75,5,3,0.0,0.0,0.0,59.4,62.7,32.4,41.7,Medium,None,2,1,3,3,1,1,2,35,18,1,6482.0,0,0,1,45,2025-10-29 06:11:57
DR-00899,2025-09-15 10:09:25,Marquise,0.57,6,5,0.0,0.0,0.0,55.2,59.9,32.3,40.3,Medium,None,3,1,4,4,2,1,1,38,22,1,1805.0,0,0,0,107,
DR-00900,2025-09-16 11:11:05,Emerald,0.62,3,2,0.0,0.0,0.0,58.7,60.2,34.3,40.6,Medium,None,1,2,4,4,4,1,2,52,96,0,5604.0,0,0,1,48,2025-11-03 09:23:05
DR-00901,2025-09-17 10:03:53,Round,1.07,5,4,0.0,0.0,0.0,55.2,59.8,34.2,40.3,Medium,None,3,1,2,3,1,3,5,89,44,1,9727.0,0,0,1,67,2025-11-23 15:14:53
DR-00902,2025-09-17 10:15:13,Pear,0.58,6,1,0.0,0.0,0.0,54.8,61.2,35.6,40.1,Medium,None,4,3,2,4,4,1,1,119,26,0,3832.0,0,0,1,17,2025-10-04 11:18:13
DR-00903,2025-09-17 13:04:24,Oval,0.85,3,4,0.0,0.0,0.0,63.6,60.3,36.0,40.8,Medium,None,1,2,2,2,2,1,2,25,26,0,10035.0,0,0,1,67,2025-11-23 17:47:24
DR-00904,2025-09-18 09:37:06,Marquise,0.85,3,1,0.0,0.0,0.0,56.6,62.6,32.1,40.3,Medium,None,1,2,1,2,1,1,4,67,8,0,18235.0,0,0,1,51,2025-11-08 12:25:06
DR-00905,2025-09-18 10:30:44,Radiant,0.88,8,7,0.0,0.0,0.0,57.9,62.6,35.2,40.2,Medium,None,1,2,3,3,3,1,1,51,97,0,1997.0,0,0,0,104,
DR-00906,2025-09-19 09:31:47,Cushion,0.63,7,6,0.0,0.0,0.0,63.3,63.3,35.4,40.7,Medium,None,3,2,1,3,1,1,3,113,88,-1,1723.0,0,0,1,81,2025-12-09 09:23:47
DR-00907,2025-09-24 09:42:39,Round,0.82,6,5,0.0,0.0,0.0,64.2,60.6,35.8,41.5,Medium,None,2,4,2,4,1,1,3,56,10,0,3441.0,0,0,1,123,2026-01-25 09:56:39
DR-00908,2025-09-24 14:07:45,Pear,0.63,3,6,0.0,0.0,0.0,55.6,61.3,33.1,40.7,Medium,None,1,2,3,3,1,1,2,26,54,0,3002.0,0,0,1,78,2025-12-11 20:01:45
DR-00909,2025-09-24 14:51:14,Radiant,0.54,2,6,0.0,0.0,0.0,57.5,61.8,32.5,42.0,Medium,None,2,2,4,4,1,1,5,68,63,0,2092.0,0,0,0,98,
DR-00910,2025-09-27 14:24:26,Asscher,1.23,6,6,0.0,0.0,0.0,58.9,62.3,34.4,41.7,Medium,None,3,2,1,3,1,1,4,99,41,-1,5934.0,0,0,1,72,2025-12-08 13:18:26
DR-00911,2025-09-29 16:15:47,Marquise,0.71,6,2,0.0,0.0,0.0,64.3,60.5,36.0,40.1,Medium,None,3,4,2,4,1,2,1,83,82,-1,4265.0,0,0,1,41,2025-11-09 18:19:47
DR-00912,2025-09-30 19:27:25,Princess,1.2,8,3,0.0,0.0,0.0,56.4,62.0,35.8,41.9,Medium,None,2,2,1,2,3,1,4,84,57,0,11891.0,0,0,1,9,2025-10-09 16:30:25
DR-00913,2025-10-01 18:31:56,Oval,1.08,5,4,0.0,0.0,0.0,56.2,60.2,34.7,40.6,Medium,None,3,2,3,3,1,1,4,68,87,0,9631.0,0,0,1,78,2025-12-18 20:33:56
DR-00914,2025-10-04 09:11:14,Asscher,0.64,9,2,0.0,0.0,0.0,61.1,63.0,33.0,40.5,Medium,None,2,1,1,2,1,1,4,83,34,1,4085.0,0,0,1,57,2025-11-30 08:30:14
DR-00915,2025-10-04 10:30:35,Heart,0.62,3,5,0.0,0.0,0.0,58.6,63.2,32.1,40.8,Medium,None,4,3,3,4,2,1,1,57,5,0,3457.0,0,0,1,68,2025-12-11 08:34:35
DR-00916,2025-10-04 10:58:03,Pear,0.89,4,5,0.0,0.0,0.0,63.1,59.7,35.5,41.0,Medium,None,3,2,1,3,3,3,5,116,75,1,6645.0,0,0,1,36,2025-11-09 15:28:03
DR-00917,2025-10-04 12:59:33,Oval,0.49,5,5,0.0,0.0,0.0,62.3,59.1,32.8,41.5,Medium,None,2,3,1,3,1,3,2,76,39,0,2126.0,0,0,1,124,2026-02-05 09:44:33
DR-00918,2025-10-05 14:50:30,Heart,1.03,2,3,0.0,0.0,0.0,62.1,62.4,34.5,41.9,Medium,None,4,2,4,4,1,1,1,73,16,0,13738.0,0,0,0,87,
DR-00919,2025-10-05 17:10:50,Pear,0.69,3,4,0.0,0.0,0.0,63.0,63.8,33.0,41.6,Medium,None,4,2,2,4,1,3,1,64,36,0,4734.0,0,0,0,87,
DR-00920,2025-10-05 17:54:20,Pear,1.06,4,2,0.0,0.0,0.0,54.3,59.5,32.2,40.7,Medium,None,2,1,2,2,1,1,1,75,17,1,19150.0,1,0,1,41,2025-11-15 15:12:20
DR-00921,2025-10-07 15:31:04,Asscher,0.6,4,6,0.0,0.0,0.0,64.8,61.1,32.5,41.5,Medium,None,4,2,1,4,3,3,1,31,12,0,1794.0,0,0,1,20,2025-10-27 13:51:04
DR-00922,2025-10-08 09:31:18,Heart,0.37,4,3,0.0,0.0,0.0,63.9,62.6,32.5,40.0,Medium,None,4,1,2,4,1,1,2,94,51,1,1859.0,0,0,1,48,2025-11-25 07:20:18
DR-00923,2025-10-08 13:57:14,Oval,0.55,6,4,0.0,0.0,0.0,63.5,59.8,34.7,41.0,Medium,None,2,4,1,4,2,1,2,104,57,0,1984.0,0,0,1,83,2025-12-30 13:26:14
DR-00924,2025-10-08 16:47:48,Marquise,0.9,4,1,0.0,0.0,0.0,62.1,60.6,33.2,41.5,Medium,None,2,2,2,2,2,1,5,44,31,1,16759.0,0,0,0,84,
DR-00925,2025-10-10 10:52:12,Asscher,1.25,4,5,0.0,0.0,0.0,55.7,59.4,35.9,40.6,Medium,None,1,2,2,2,1,1,2,76,53,-1,14156.0,1,0,0,82,
DR-00926,2025-10-12 17:45:48,Round,0.61,2,4,0.0,0.0,0.0,60.3,63.0,32.9,40.8,Medium,None,1,2,3,3,2,1,2,79,33,0,5736.0,0,0,0,80,
DR-00927,2025-10-12 19:59:13,Asscher,1.02,2,4,0.0,0.0,0.0,61.4,62.6,35.3,41.5,Medium,None,2,2,1,2,1,1,1,25,90,1,16195.0,1,0,1,21,2025-11-02 18:40:13
DR-00928,2025-10-16 09:05:58,Cushion,0.81,3,6,0.0,0.0,0.0,55.0,64.0,33.5,41.1,Medium,None,4,3,1,4,2,1,1,56,76,0,3586.0,0,0,0,76,
DR-00929,2025-10-17 09:03:13,Emerald,0.85,6,4,0.0,0.0,0.0,63.8,59.7,35.5,41.4,Medium,None,2,2,1,2,4,3,5,32,63,0,6655.0,0,0,0,75,
DR-00930,2025-10-17 15:48:23,Radiant,0.96,8,5,0.0,0.0,0.0,60.7,63.5,33.3,40.2,Medium,None,2,4,2,4,1,1,1,84,7,-1,3576.0,0,0,0,75,
DR-00931,2025-10-18 10:59:50,Marquise,0.7,6,4,0.0,0.0,0.0,58.9,61.9,35.0,41.2,Medium,None,2,2,2,2,1,1,4,92,82,0,4584.0,0,0,1,73,2025-12-30 06:29:50
DR-00932,2025-10-18 19:40:00,Princess,0.42,5,2,0.0,0.0,0.0,56.6,59.8,35.8,41.3,Medium,None,2,2,2,2,1,1,5,41,13,1,3318.0,0,0,1,1,2025-10-19 16:45:00
DR-00933,2025-10-19 09:58:31,Radiant,0.47,7,6,0.0,0.0,0.0,64.7,60.2,32.7,41.7,Medium,None,1,1,2,2,3,1,3,93,50,0,1161.0,0,0,1,74,2026-01-01 07:01:31
DR-00934,2025-10-22 09:58:46,Emerald,0.54,4,4,0.0,0.0,0.0,54.6,61.8,32.5,41.7,Medium,None,3,4,1,4,1,1,3,70,91,0,2854.0,0,0,1,89,2026-01-19 09:19:46
DR-00935,2025-10-24 09:13:47,Asscher,0.87,7,3,0.0,0.0,0.0,54.6,63.3,32.0,40.4,Medium,None,2,2,2,2,3,1,1,29,7,0,7420.0,0,0,1,92,2026-01-24 14:20:47
DR-00936,2025-10-26 09:41:57,Oval,0.7,4,5,0.0,0.0,0.0,63.0,62.7,33.6,40.0,Medium,None,1,2,2,2,3,1,3,78,19,1,5348.0,0,0,1,53,2025-12-18 07:49:57
DR-00937,2025-10-26 19:33:31,Cushion,1.15,7,6,0.0,0.0,0.0,62.7,60.6,35.4,40.8,Medium,None,3,1,2,3,4,2,1,93,31,1,4778.0,0,0,1,84,2026-01-18 23:53:31
DR-00938,2025-10-29 18:48:57,Heart,0.72,7,3,0.0,0.0,0.0,55.2,62.3,34.2,41.7,Medium,None,2,2,4,4,2,1,3,79,71,-1,3803.0,0,0,1,57,2025-12-25 17:30:57
DR-00939,2025-11-03 09:22:20,Round,0.46,6,6,0.0,0.0,0.0,60.0,62.1,32.2,41.6,Medium,None,1,4,2,4,1,1,4,55,49,0,860.0,0,0,1,81,2026-01-23 09:43:20
DR-00940,2025-11-03 17:41:08,Pear,0.53,7,5,0.0,0.0,0.0,58.8,63.1,34.3,40.4,Medium,None,3,1,2,3,1,1,3,86,43,0,1786.0,0,0,0,58,
DR-00941,2025-11-04 11:05:16,Radiant,1.32,10,3,0.0,0.0,0.0,62.0,63.5,34.5,40.7,Medium,None,1,2,1,2,3,1,2,58,40,0,8375.0,0,0,1,75,2026-01-18 15:42:16
DR-00942,2025-11-04 14:19:19,Marquise,0.54,5,3,0.0,0.0,0.0,57.7,63.1,35.8,41.6,Medium,None,3,2,1,3,1,1,1,102,63,1,3614.0,0,0,0,57,
DR-00943,2025-11-05 09:55:44,Radiant,1.21,9,5,0.0,0.0,0.0,62.5,60.7,32.5,41.3,Medium,None,1,2,1,2,2,1,3,84,57,1,6953.0,0,0,1,29,2025-12-04 10:02:44
DR-00944,2025-11-07 09:34:08,Princess,1.1,8,8,0.0,0.0,0.0,64.9,60.3,34.0,40.3,Medium,None,4,1,2,4,2,2,2,54,49,0,1741.0,0,0,0,54,
DR-00945,2025-11-07 17:13:45,Pear,0.95,3,3,0.0,0.0,0.0,55.6,59.2,32.2,41.0,Medium,None,1,1,4,4,2,1,4,103,40,0,10781.0,0,0,1,47,2025-12-24 21:08:45
DR-00946,2025-11-08 09:32:09,Heart,0.69,6,7,0.0,0.0,0.0,63.8,62.6,33.2,40.3,Medium,None,2,4,4,4,2,1,3,109,61,0,1422.0,0,0,1,94,2026-02-10 09:08:09
DR-00947,2025-11-09 18:32:03,Oval,0.4,7,10,0.0,0.0,0.0,55.5,63.8,36.0,40.4,Medium,None,2,2,2,2,3,1,4,88,93,0,500.0,0,0,1,99,2026-02-16 19:59:03
DR-00948,2025-11-10 09:13:10,Asscher,0.64,1,8,0.0,0.0,0.0,55.8,61.0,34.4,40.0,Medium,None,2,1,2,2,1,1,5,74,53,1,2665.0,0,1,1,30,2025-12-10 08:30:10
DR-00949,2025-11-11 15:32:06,Marquise,1.38,4,5,0.0,0.0,0.0,59.9,63.8,35.3,41.1,Medium,None,1,3,1,3,3,3,4,59,96,0,14878.0,0,0,1,82,2026-02-01 20:05:06
DR-00950,2025-11-12 10:09:59,Oval,1.05,4,5,0.0,0.0,0.0,59.2,62.7,32.3,40.0,Medium,None,3,4,4,4,4,3,4,70,80,1,7251.0,0,0,1,29,2025-12-11 11:22:59
DR-00951,2025-11-13 10:09:18,Heart,0.77,5,2,0.0,0.0,0.0,55.7,59.5,34.6,40.1,Medium,None,1,3,2,3,1,3,5,52,92,1,7728.0,0,0,1,60,2026-01-12 05:41:18
DR-00952,2025-11-14 10:04:02,Round,0.48,10,9,0.0,0.0,0.0,62.7,62.8,35.9,40.7,Medium,None,2,2,2,2,1,3,1,93,38,0,500.0,0,0,1,184,2026-05-17 12:19:02
DR-00953,2025-11-14 10:59:45,Round,0.4,7,3,0.0,0.0,0.0,64.5,61.0,32.0,41.1,Medium,None,2,3,2,3,1,1,2,56,90,0,1669.0,0,0,1,147,2026-04-10 06:36:45
DR-00954,2025-11-14 13:36:05,Heart,0.75,5,8,0.0,0.0,0.0,59.0,63.4,33.4,41.4,Medium,None,2,2,1,2,1,1,4,97,59,0,2038.0,0,0,1,68,2026-01-21 13:52:05
DR-00955,2025-11-17 18:27:54,Round,0.89,4,7,0.0,0.0,0.0,61.1,63.7,33.0,40.0,Medium,None,1,2,4,4,1,2,5,68,15,0,2832.0,0,0,0,43,
DR-00956,2025-11-19 10:27:20,Princess,0.91,4,3,0.0,0.0,0.0,60.1,62.4,35.5,40.6,Medium,None,1,3,1,3,4,1,3,102,9,1,10681.0,0,0,1,80,2026-02-07 09:01:20
DR-00957,2025-11-19 17:35:12,Radiant,0.62,5,3,0.0,0.0,0.0,64.9,61.4,33.8,40.6,Medium,None,1,1,4,4,1,1,4,21,87,0,3615.0,0,0,1,59,2026-01-17 21:25:12
DR-00958,2025-11-20 09:49:23,Oval,1.77,3,2,0.0,0.0,0.0,56.2,62.2,33.3,41.3,Medium,None,1,1,4,4,1,2,2,53,54,0,34945.0,0,0,0,41,
DR-00959,2025-11-20 10:17:20,Radiant,0.53,4,7,0.0,0.0,0.0,60.7,61.1,36.0,40.4,Medium,None,4,2,1,4,1,1,5,60,68,0,1216.0,0,0,1,66,2026-01-25 11:47:20
DR-00960,2025-11-20 15:45:16,Cushion,1.38,3,7,0.0,0.0,0.0,55.5,59.7,35.6,41.5,Medium,None,3,1,2,3,2,1,1,79,85,1,8465.0,0,0,0,41,
DR-00961,2025-11-21 09:03:26,Princess,0.87,4,4,0.0,0.0,0.0,60.6,59.4,33.8,40.4,Medium,None,2,4,1,4,1,0,3,37,74,-1,6392.0,0,0,0,40,
DR-00962,2025-11-22 10:25:43,Asscher,0.63,4,5,0.0,0.0,0.0,60.8,62.6,35.2,41.1,Medium,None,3,2,2,3,1,1,2,38,73,1,3672.0,0,0,1,97,2026-02-27 11:41:43
DR-00963,2025-11-22 10:27:40,Princess,0.5,5,7,0.0,0.0,0.0,57.1,59.4,35.5,41.0,Medium,None,3,2,3,3,2,1,3,27,53,0,1235.0,0,0,1,105,2026-03-07 16:18:40
DR-00964,2025-11-22 18:55:47,Heart,0.84,3,2,0.0,0.0,0.0,57.1,61.2,35.0,41.7,Medium,None,3,1,1,3,1,3,5,93,96,0,11388.0,0,0,1,52,2026-01-13 15:39:47
DR-00965,2025-11-26 13:32:57,Round,0.26,1,4,0.0,0.0,0.0,57.7,62.0,33.6,40.8,Medium,None,4,1,2,4,3,3,5,27,39,1,1115.0,0,1,0,35,
DR-00966,2025-11-28 13:25:55,Pear,0.92,2,4,0.0,0.0,0.0,58.4,59.5,34.4,40.9,Medium,None,2,2,3,3,2,1,3,82,86,0,11466.0,0,0,1,1,2025-11-29 16:29:55
DR-00967,2025-11-28 19:25:09,Emerald,0.62,9,2,0.0,0.0,0.0,54.1,63.8,32.4,41.9,Medium,None,2,4,2,4,1,3,2,33,20,1,2397.0,0,0,1,60,2026-01-27 17:35:09
DR-00968,2025-11-29 10:36:37,Princess,0.3,8,5,0.0,0.0,0.0,62.7,60.7,32.5,40.3,Medium,None,3,1,2,3,4,1,5,32,20,0,591.0,0,0,1,133,2026-04-11 12:49:37
DR-00969,2025-11-29 10:42:30,Asscher,0.58,3,4,0.0,0.0,0.0,58.4,63.2,32.2,41.7,Medium,None,4,2,1,4,4,1,1,66,48,-1,3732.0,0,0,1,30,2025-12-29 10:58:30
DR-00970,2025-11-30 09:43:06,Marquise,0.62,5,5,0.0,0.0,0.0,64.7,61.4,34.6,40.7,Medium,None,2,2,2,2,3,1,2,17,35,0,4022.0,0,0,1,60,2026-01-29 11:58:06
DR-00971,2025-12-02 10:53:16,Radiant,1.49,6,2,0.0,0.0,0.0,55.3,59.6,34.3,41.7,Medium,None,1,1,3,3,1,1,5,32,58,1,18884.0,0,0,1,69,2026-02-09 11:39:16
DR-00972,2025-12-02 15:14:51,Marquise,0.7,4,3,0.0,0.0,0.0,55.8,61.6,34.7,41.9,Medium,None,1,4,2,4,1,1,2,79,75,1,5597.0,0,0,0,29,
DR-00973,2025-12-02 15:45:18,Princess,0.7,3,4,0.0,0.0,0.0,62.9,61.6,32.9,40.9,Medium,None,2,2,2,2,1,1,2,101,64,0,7229.0,0,0,1,55,2026-01-26 14:22:18
DR-00974,2025-12-02 16:50:50,Princess,1.07,2,5,0.0,0.0,0.0,56.5,60.4,32.7,41.7,Medium,None,1,2,2,2,3,1,4,91,84,0,14365.0,1,0,0,29,
DR-00975,2025-12-05 15:37:29,Princess,0.92,2,8,0.0,0.0,0.0,54.7,60.1,32.9,41.0,Medium,None,1,4,2,4,1,3,2,83,85,0,3012.0,0,0,1,81,2026-02-24 18:27:29
DR-00976,2025-12-06 10:57:44,Round,0.43,3,5,0.0,0.0,0.0,59.0,61.7,34.5,40.7,Medium,None,1,1,4,4,1,1,5,19,33,0,1807.0,0,1,1,85,2026-03-01 10:49:44
DR-00977,2025-12-09 10:32:19,Pear,0.66,8,4,0.0,0.0,0.0,54.8,60.4,35.7,40.2,Medium,None,1,1,4,4,2,1,5,38,57,0,2353.0,0,0,1,73,2026-02-20 10:42:19
DR-00978,2025-12-09 16:56:29,Oval,0.73,4,7,0.0,0.0,0.0,56.6,59.6,35.8,41.1,Medium,None,1,3,2,3,1,1,1,109,6,0,2548.0,0,0,1,125,2026-04-13 15:07:29
DR-00979,2025-12-10 10:31:26,Princess,0.51,2,10,0.0,0.0,0.0,55.0,60.2,34.6,40.3,Medium,None,2,1,1,2,1,3,5,15,32,1,556.0,0,0,1,69,2026-02-17 12:42:26
DR-00980,2025-12-10 18:47:06,Princess,0.77,5,4,0.0,0.0,0.0,59.7,60.9,34.3,41.1,Medium,None,3,1,2,3,2,3,1,90,39,0,5807.0,0,0,0,20,
DR-00981,2025-12-11 12:31:53,Princess,0.63,3,4,0.0,0.0,0.0,62.9,60.4,33.6,40.3,Medium,None,3,4,1,4,3,0,1,60,64,0,4259.0,0,0,0,20,
DR-00982,2025-12-11 18:59:34,Radiant,0.53,5,6,0.0,0.0,0.0,56.0,60.0,34.5,40.9,Medium,None,1,4,4,4,4,1,5,118,54,0,1247.0,0,0,1,83,2026-03-04 16:03:34
DR-00983,2025-12-12 18:25:51,Cushion,0.74,5,5,0.0,0.0,0.0,60.7,64.0,34.9,40.7,Medium,None,4,3,3,4,1,1,1,29,90,0,3394.0,0,0,1,97,2026-03-19 18:53:51
DR-00984,2025-12-14 18:47:11,Pear,0.83,3,4,0.0,0.0,0.0,58.5,60.1,35.5,40.8,Medium,None,1,1,1,1,1,1,5,44,16,1,12456.0,0,0,1,55,2026-02-07 15:51:11
DR-00985,2025-12-18 10:26:04,Asscher,0.8,3,5,0.0,0.0,0.0,55.7,60.5,33.6,40.7,Medium,None,2,3,3,3,1,1,4,51,8,0,6783.0,0,0,1,19,2026-01-06 12:18:04
DR-00986,2025-12-18 10:39:59,Asscher,0.68,7,4,0.0,0.0,0.0,62.1,62.5,32.9,41.4,Medium,None,3,1,2,3,3,1,1,29,50,0,3413.0,0,0,1,33,2026-01-20 06:20:59
DR-00987,2025-12-18 18:23:25,Princess,1.0,4,7,0.0,0.0,0.0,55.8,61.4,33.1,41.6,Medium,None,2,2,1,2,1,1,3,86,70,0,5223.0,0,0,1,43,2026-01-30 22:30:25
DR-00988,2025-12-18 18:57:27,Emerald,0.57,4,3,0.0,0.0,0.0,56.3,59.0,35.4,40.7,Medium,None,4,2,2,4,1,1,1,114,79,0,3891.0,0,0,1,68,2026-02-24 23:02:27
DR-00989,2025-12-19 09:20:22,Emerald,0.69,4,2,0.0,0.0,0.0,62.1,59.6,34.0,40.2,Medium,None,2,3,2,3,2,1,2,95,35,0,7432.0,0,0,1,66,2026-02-23 11:00:22
DR-00990,2025-12-20 09:12:46,Round,0.61,1,5,0.0,0.0,0.0,56.9,61.0,32.6,41.8,Medium,None,2,2,3,3,2,1,3,48,71,0,5263.0,0,0,0,11,
DR-00991,2025-12-22 19:58:09,Marquise,0.49,6,7,0.0,0.0,0.0,58.9,60.4,32.2,41.1,Medium,None,1,3,1,3,3,1,5,61,48,-1,964.0,0,0,1,76,2026-03-09 00:37:09
DR-00992,2025-12-23 09:40:18,Oval,1.06,4,6,0.0,0.0,0.0,58.0,59.4,34.6,41.9,Medium,None,2,2,1,2,2,0,4,109,60,0,7553.0,0,0,1,38,2026-01-30 04:42:18
DR-00993,2025-12-23 10:49:32,Radiant,0.77,7,7,0.0,0.0,0.0,60.6,62.5,33.7,40.6,Medium,None,2,2,2,2,2,3,3,16,55,1,2160.0,0,0,0,8,
DR-00994,2025-12-23 17:49:31,Princess,0.77,1,2,0.0,0.0,0.0,63.3,63.5,35.3,41.5,Medium,None,2,3,2,3,1,1,3,87,21,1,12362.0,0,0,1,6,2025-12-29 21:13:31
DR-00995,2025-12-24 15:23:09,Emerald,0.48,4,5,0.0,0.0,0.0,55.1,62.3,35.8,40.7,Medium,None,2,2,3,3,1,1,2,118,17,0,2304.0,0,0,1,28,2026-01-21 14:48:09
DR-00996,2025-12-25 10:11:29,Radiant,1.1,4,2,0.0,0.0,0.0,55.6,59.2,32.8,41.3,Medium,None,2,3,2,3,3,3,2,30,23,0,16439.0,0,0,1,62,2026-02-25 13:43:29
DR-00997,2025-12-26 14:33:04,Pear,0.55,3,5,0.0,0.0,0.0,64.1,61.4,32.1,41.3,Medium,None,1,3,1,3,3,1,1,117,53,0,3568.0,0,0,0,5,
DR-00998,2025-12-27 17:03:52,Cushion,1.25,7,3,0.0,0.0,0.0,63.1,59.6,32.4,41.0,Medium,None,2,1,3,3,2,1,3,17,60,0,11979.0,0,1,1,107,2026-04-13 15:33:52
DR-00999,2025-12-28 10:53:59,Round,1.22,7,4,0.0,0.0,0.0,57.2,61.9,34.4,41.5,Medium,None,2,2,1,2,1,1,5,105,42,0,10849.0,0,0,1,46,2026-02-12 14:55:59
DR-01000,2025-12-31 13:02:07,Asscher,1.06,4,2,0.0,0.0,0.0,55.5,60.3,34.7,41.9,Medium,None,3,1,2,3,1,1,5,17,55,1,14914.0,0,0,1,42,2026-02-11 18:17:07
